SchoolName,Index
100-297 HS Grant,3184
A+ Charter Schools,2823
Abernathy ISD,1111
Abilene Independent School District,2274
Academy ISD,2299
Ada Public Schools,ada
Ada-Borup-West School District,2497
Adair Public Schools,509
Addison Public Library,2676
AESA,AESA
Agar-Blunt-Onida School District,ABO
Agra Public Schools,659
Agua Dulce Independent School District,1990
Ainsworth Community Schools,415
Aitkin Public School District,1530
Akron-Fairgrove Schools,1071
Alamo Colleges District,679
Alamo Heights Independent School District,713
Alanson Public School,2674
Alba-Golden ISD,1895
Albany Area Schools,1812
Albert Lea Area Schools,1252
Aldine ISD,1722
Aledo ISD,871
Alex Public Schools,226
Alexander Public Schools,2682
Alexandria Township School District,2072
Algonac Community Schools,1625
ALICAP,119
Alice ISD,868
Alief ISD,770
Allen Community College,2650
Allen Independent School District,855
Alma Public Schools,almaschools
Alpena County,1365
Alpena-Montmorency-Alcona ESD,2701
Alpine ISD,2310
Alsea Charter School,2548
Altoona-Midway USD 387,3042
Alva Public Schools,Alva
Alvarado ISD,724
Alvin Independent School District,1295
Amarillo College,1957
Amarillo ISD,1931
Amboy CUSD #272,1276
Amherst Public Schools,179
Amphitheater Public Schools,2065
Anadarko Public Schools,Anadarko
Anahuac Independent School District,1870
Anderson-Shiro CISD,633
Andes Central School District,AndesCentral
Angelina College,2752
Angleton Independent School District,1874
Anna Independent School District,849
Annawan Public Schools,1608
Annette Island School District,1331
Anoka-Hennepin School District 11,2720
Anselmo-Merna Public School,108
Ansley Public School,Ansley
Anson ISD,2224
Anthony ISD,819
Antioch School District 34,1716
Anton ISD,2285
Aquilla Independent School District,2211
Aransas Pass ISD,924
Arapahoe-Holbrook Public Schools,418
Archer City ISD,2988
Ardmore City Schools,Ardmore
Argo Community High School District 217,1709
Argyle ISD,1395
Arkansas Department of Education,1133
Arlington Community Schools,563
Arlington ISD,2978
Arlington Public Schools,146
Arp ISD,1862
Ashland School District,1537
Ashland-Greenwood Public Schools,79
Ashley Community Schools,2751
Associated School Boards of South Dakota,ASBSD
Athens Independent School District,635
Atlanta ISD,888
Au Gres-Sims School District,1634
Aubrey Independent School District,1857
Auburn Public Schools,98
Aurora Public Schools,421
Austin Peay State University,597
Austin Public Schools,2516
Avery ISD,761
Avon-Washington Township Public Library,1161
Azle Independent School District,1367
Aztec Municipal School District,2121
Badger ISD 676,1824
Bagley Public Schools,1183
Baird ISD,2000
Bakken Area Skills Center,2989
Baldwin Community Schools,2632
Ballinger ISD,2226
Balmorhea ISD,2166
Bandera Independent School District,1846
Bangor Township Schools,1645
Banks School District,2613
Banner County School,70
Bannockburn School District 106,1248
Banquete ISD,1705
Barbers Hill Independent School District,1110
Barnesville Public Schools,1533
Bartlesville Public Schools,Bartlesville
Bartlett City Schools,553
Bartlett ISD,1020
Bastrop Independent School District,1914
Bath Community Schools,3210
Battle Creek Central High School,1167
Battle Creek Public Schools,2646
Bay City ISD,2101
Bayard Public Schools,93
Bay-Arenac ISD,909
Beatrice Public Schools,82
Beaumont ISD,748
Beaverton School District,1443
BECKER PUBLIC SCHOOLS,1475
Beckville ISD,1964
Bedford County Schools,544
Bedford Public Schools,1618
Beeville ISD,2183
Belcourt School District #7,2815
Belding Area Schools,1062
Belle Plaine Public Schools,1400
Bellevue Public Schools,60
Bells ISD,2225
Bellville ISD,2334
Belmond-Klemme CSD,1344
Beloit Schools USD 273,2730
Belton Independent School District,1873
Ben Bolt - Palito Blanco ISD,2197
Benavides ISD,2230
Bend-La Pine Schools,2413
Benjamin School District 25,1192
Bennington Public Schools,bennington
Benson Public Schools ISD #777,1584
Benzie Central Schools,2367
Bernalillo Public Schools,2111
Berrien RESA,1635
Berrien Springs Public Schools,1327
Berryhill Public Schools,2981
Bertrand Community School,182
Berwyn North School District 98,1719
Berwyn South School District 100,1287
Bethalto CUSD #8,1329
Bethany Public Schools,2725
Bethel Board of Education,2425
Bethel Public School,333
Big Lake Schools,1761
Big Sandy ISD - Polk County,2347
Big Sandy ISD-Upshur County,1918
Big Spring Independent School District,723
Billings Public Schools,2479
Birch Run Area Schools,1627
Birdville Independent School District,2178
Bishop,3203
Bishop Consolidated Independent School District,2297
Bismarck-Henning CUSD #1,1718
Bismarck-Henning/Rossville-Alvin Cooperative High School,1963
Bixby Public Schools Administration Building,Bixby
Blachly School District,2514
Blackwell Consolidated Independent School District,2113
Blair Community Schools,134
Blanchard Public Schools,595
Blanco ISD,1855
Bland ISD,2075
Blinn College - Brenham Regular,1319
Bloomburg Independent School District,2233
Bloomfield Community Schools,424
Bloomfield Public Schools,2463
Blooming Grove ISD,1348
Bloomingdale Public Schools,3205
Bloomingdale School District 13,1261
Bloomington Independent School District,959
Blue Hill Community Schools,423
Blue Ridge CUSD #18,1708
Blue Ridge ISD,845
Bluff Dale ISD,2721
Blum ISD,2351
Boerne Independent School District,1350
Boise City Public Schools,BoiseCity
BOLD Public Schools,3004
Boles ISD,1301
Bonham ISD,866
Bonneville Joint School District 93,1349
Boone Central Schools,103
Borden County ISD,1296
Borger ISD,904
Boscobel Area Schools,2023
Bosqueville ISD,1003
Bowie Independent School District,878
"Bowie-Cass Electric Cooperative, Inc.",830
Box Elder School District,1575
Boyceville Community School District,1606
Boyd ISD,1611
Boyne City Public Schools,965
Boys Ranch ISD,697
Brackett ISD,1723
Bradley County Schools,559
Brady Public Schools,78
Brandon School District,1633
Brandywine Community Schools,1034
Brazosport College,1854
Brazosport Independent School District,877
Breckenridge ISD,1647
Breckenridge Public Schools 846,1745
Brenham ISD,1856
Bridge City Independent School District,905
Bridge Creek Public Schools,530
Bridgeport ISD,647
Bridgeport Public Schools,2756
Bridgman Public Schools,1060
Brighton Area Schools,2615
Bristol Bay Borough School District,2140
Bristol Public Schools,2447
Broaddus ISD,2228
Brock ISD,803
Broken Bow Public Schools,147
Brookfield-LaGrange Park School District 95,1715
Brookings-Harbor School District 17C,1563
Brooklyn Center Schools,1769
Brooks,2026
Brooks County ISD,2016
Brookwood School District 167,1714
Brownfield ISD,674
Browning Public Schools,2060
Brownsboro ISD,1273
Brownsville ISD,2175
Brownwood Independent School District,988
Brush School District,3188
Bryan Independent School District,2246
BSSD - Unalakleet,2110
Buckholts Independent School District,2350
Buckley Schools,2599
Buena Vista ISD,712
Buffalo ISD,2545
Buffalo-Hanover-Montrose Schools,1209
Bullard Independent School District,2490
Buna Independent School District,820
Burkburnett Independent School District,1896
Burkeville ISD,1892
Burleson ISD,1384
Burlington Public Schools,burlington
Burlington USD #244,3199
BURNET CONSOLIDATED I.S.D.,1041
Burnham School District 154.5,2694
Burnsville-Eagan-Savage ISD 191,1113
Burton ISD,2593
Bushland ISD,1767
Byng Public Schools,364
Bynum ISD,2116
Byron Area Schools,1428
Byron Center Public Schools,930
C.O.O.R. Intermediate School District,1970
Cache Public Schools,224
Caddo Kiowa Technology Center,623
Caddo Mills ISD,669
Cahokia Unit School District 187,1497
Calallen ISD,934
Caldwell ISD,680
Calhoun County ISD,2207
Calhoun Intermediate School District,Calhoun
Callaway Public Schools,callaway
Callisburg ISD,2750
Cambridge-Isanti Schools,1122
Cameron ISD,1226
Canadian ISD,789
Cannon Valley Special Education Cooperative,1036
Canton ISD,2194
Canton Public Schools,501
Canton Union School District #66,1679
Canutillo ISD,864
Canyon ISD,788
Canyon-Owyhee School Service Agency,2093
Capitan Municipal Schools,1345
Carbon Cliff - Barstow School District 36,1712
Carlinville CUSD #1,1720
Carlisle ISD,762
Carlsbad Municipal Schools,2103
Carmel Clay Public Library,1885
Carrizo Springs C.I.S.D.,861
Carrollton Public Schools,2522
Carrollton-Farmers Branch ISD,631
Carson City-Crystal Area Schools,1068
Carthage ISD,1182
CASB Test School District,3084
Cascade School District #5,1572
Cass City Public Schools,2996
Castleberry Independent School District,1090
Catalina Foothills School District,1202
"CAVIAT (Coconino Association for Vocations, Industry and Technology)",1117
CCSD 89,1409
Cedar Hill ISD,1600
Cedar Mountain Schools - District 2754,2796
Cedar Springs Public Schools,1484
Celeste ISD,1411
Celina Independent School District,758
Centennial ISD 12,1528
Centennial Public School,84
Centennial School District,1561
Center Cass School District 66,1490
Center ISD,651
Center Point ISD,1923
Central Appraisal District of Taylor County,3190
Central Arizona Valley Institute of Technology,1801
Central Community College,CCC
Central CUSD 301,1311
Central Heights Independent School District,1517
Central High Public Schools,2176
Central ISD,2291
Central Point School District 6,1553
Central Public Schools,2403
Central School District 104,1243
Central School District 51,1507
Centreville Public Schools,1989
Centura Public Schools,centura
Century School District 100,2790
CESA 2,620
Channelview ISD,791
Chanute Public Schools USD 413,2345
Chapel Hill ISD -Titus County,1760
Chapel Hill ISD-Smith County,1759
Charlevoix-Emmet ISD,2499
Charlotte Public Schools,1031
Chase County Schools,111
Chatham School District,2647
Cheatham County Board of Education,cheathamcountyschools
Cheboygan Area Schools,3215
Chelsea School District,911
Cherokee Independent School District,1583
Cherokee Indian Hospital,2148
Chester ISD,2687
Cheylin USD 103,2572
Chickasha Public Schools,1910
Chico ISD,2255
Childress ISD,2242
Chilton ISD,1853
China Spring ISD,2238
Chisago Lakes School District 2144,1066
Chisholm Public Schools,617
Chisholm School District,840
Chisum ISD,2316
Chouteau-Mazie Public Schools,783
Christoval ISD,1754
Chugach School District,2598
Churchill County School District,1197
Cicero School District 99,1488
Cimarron Public School,2553
City of Auburn,2737
City of Bayard,170
City of Beatrice,Beatrice
City of Bellevue,Bellevue
City of Bennet,2724
City of Blair,Blair
City of Blue Hill,bluehill
City of Chadron,2736
City of Columbus,171
City of David City,1969
City of Fort Calhoun,fortcalhoun
City of Franklin,Franklin
City of Friend,Friend
City of Friona,2824
City of Gibbon,167
City of Gretna,Gretna
City of Hayden,2366
City of Hermantown,2639
City of Hickman,131
City of Imperial,Imperial
City of Karnes City,3006
City of Madison,2570
City of McCook,208
City of Ouray,2503
City of Seward,Seward
City of St. Paul,178
City of Stewartville,2080
City of Valley,2360
City of Wahoo,citywahoo
City of Wakefield,2560
City of Wakefield,Wakefield
City of Watford,2633
City of Waverly,Waverly
City of Waverly,694
City of York,169
City School District,581
City View ISD,2280
Clackamas Community College,1412
Clackamas Education Service District,1547
Clarksville ISD,731
Claude ISD,1169
Clayton School District,2057
Clear Creek ISD,1940
Cleburne Independent School District,1684
Cleveland City Schools,543
Cleveland ISD,1682
Cleveland Public School,2475
Clifton ISD,2177
Climax-Scotts Community Schools,2506
Climax-Shelly ISD 592,1831
Clint Independent School District,919
Clinton Community Schools,3191
Clinton County RESA,2714
Clinton Public Schools,2467
Clinton Public Schools,Clinton
Clio Area Schools,1481
Cloquet Public Schools,1149
Cloud County Community College,2656
Clyde CISD,661
Coahoma ISD,984
Coastal Bend College,2027
Coldspring-Oakhurst CISD,672
College of Lake County,2575
College of the Mainland,2271
Collierville Schools,564
Collin College,1010
Collinsville CUSD #10,1231
Collinsville ISD,2262
Collinsville Public Schools,Collinsville
Colorado Association of School Boards,casb
Colorado Association of School Boards,3185
Colorado ISD,2243
Columbia - Brazoria ISD,1290
Columbia Heights Public Schools,1211
Columbus Independent School District,1798
Columbus Public Schools,71
Comal ISD,1083
Comanche ISD,664
Comfort ISD,652
Commerce ISD,1127
Community Consolidated School District 180,1514
Community Consolidated School District 59,2677
Community Consolidated School District 93,1266
Community High School District 218,1717
Community High School District 94,1499
Community ISD,1208
Community Unit School District 300,1453
Como-Pickton CISD,2314
Comstock Public Schools,1037
Concept Schools - Horizon Science Academy Twin Cities,2626
Concept Schools - Minnesota Math and Science Academy,2355
Concord Community Schools,1623
Conestoga Public Schools,435
Connally ISD,690
Constantine Public Schools,2392
Consumer Bankers Association,2031
Cook County School District 104,1792
Cooper ISD,2277
Coppell Independent School District,1721
Copper Country ISD,2693
Copperas Cove Independent School District,665
Corbett School District,1554
Cordova School District,2046
CORPUS CHRISTI INDEPENDENT SCHOOL DISTRICT,898
Corrigan-Camden ISD,1701
Corsicana Independent School District,642
Corunna Public Schools,1522
Corvallis School District 509J,1216
Cotulla ISD,638
County School District,582
County School District 2,618
County School District 3,2596
County School District TEST,2722
Coupland Independent School District,2708
Coventry Board of Education,2424
Covert Public Schools,1506
Covington ISD,1930
Cozad Community Schools,148
Craig City School District,1845
Crandall ISD,2100
Crane Independent School District,2491
Cranfills Gap ISD,1866
Crawford ISD,2983
Creek Valley Public Schools,438
Creighton Public Schools,436
Crescent Public Schools,2691
Crestwood School District,1521
Creswell School District,1558
Crete City Council,77
Crete Public Schools,439
Crete-Monee Board of Education,1408
Crockett County Consolidated Common School District,857
Crockett Independent School District,891
Crofton Community Schools,croftonschools
Cromwell-Wright School,1822
Crook County School District,1863
Crosby ISD,1018
Crosby-Ironton ISD #182,1067
Crosbyton CISD,972
Cross County Community Schools,145
Cross Plains ISD,2668
Cross Roads Independent School District,2096
Crosslake Community Schools,978
Crowell ISD,655
Crutcho Public Schools,Crutcho
Crystal City Independent School District,1587
Cuero Independent School District,718
Culberson County - Allamoore ISD,2249
Cumberland County Schools,536
Cumby ISD,2114
Cunningham - West Kingman County USD 332,2709
Cushing Public Schools,2496
Cypress-Fairbanks ISD,668
D.C. Everest Area School District,1315
Daingerfield-Lone Star ISD,986
Dakota Community Unit District 201,1495
Dale Public Schools,2686
Dalhart ISD,1129
Dallas School District,2353
Damon Independent School District,1945
Danbury Independent School District,944
Danville CCSD 118,1734
Darien Public Schools District #61,2826
Darion Test,1366
Darlington Community School District,1581
Darrouzett ISD,1916
David City Public Schools,96
Davis Public Schools,355
Davis School District,914
Dawson-Boyd Public Schools,2573
Dayton Independent School District,639
Decatur ISD,648
Deer Creek Public Schools,2818
Deer River Schools ISD 317,2476
Deerfield Public School District 109,1747
DeKalb ISD,892
Del Valle ISD,675
Delano Public Schools,1338
Dell City Independent School District,1300
Delta College,1632
Demo - Harper College,3209
Demo - Litchfield Community District 12,2625
Denison ISD,774
Denison Public Schools,1393
Denton ISD,949
Denver City Independent School District,1942
Derby Public Schools,2426
DeSoto Independent School District,947
Detroit ISD,1724
Detroit Lakes Public Schools,2364
Devers ISD,745
Devine ISD,955
Dew ISD,1865
Deweyville ISD,746
DeWitt Public Schools,1616
D'Hanis Independent School District,990
Diamond Lake School District 76,1733
Diboll ISD,2232
Dickinson Independent School District,2257
Dickinson-Iron Intermediate School District,1100
Dickson County Schools,2999
Diller-Odell Public Schools,181
Dilley Independent School District,852
Dillingham City School District,1775
Dime Box ISD,773
Divide ISD,2485
Dixon Public Schools #170,1258
Document Only Test #2,1382
Document Only Test School,1143
Dolores County School District RE-2J,3192
Dolton School District 149,2571
Doniphan-Trumbull Public School,153
Donna Independent School District,1299
Dorchester Public Schools,121
Doss CCSD,1354
Douglas County School District,1502
Douglas County West Community School,114
Douglas Education Service District,1551
Douglas School District 51-1,douglas
Douglass ISD,2252
DRIPPING SPRINGS INDEPENDENT SCHOOL DISTRICT,634
Driscoll ISD,1438
Drumright Public Schools,2614
Dublin Independent School District,865
Duchesne County School District,1429
Duluth Public Schools,963
Dumas Independent School District,1196
Duncan Public Schools,600
Duncanville ISD,858
Dundee Community Schools,1093
Dundy County Stratton Schools,177
Dunlap School District 323,1250
DuPage Area Occupational Education System,1727
DuPage High School District 88,1320
Dupo CUSD 196,1741
Durand Area Schools,1097
Eagle Mountain-Saginaw ISD,1017
Eagle Pass ISD,2009
Eagle Point School District 9,1542
Early ISD,2033
East Aurora School District 131,1665
East Butler Public Schools,158
East Chambers ISD,715
East China School District,2609
East Grand Forks Public Schools,1524
East Lansing Public Schools,1629
East Mississippi Community College,2651
East Moline School District 37,1688
East Mountain High School,2279
Eastern Carver County Schools,1159
Eastern Oklahoma County Technology Center,3186
Eastern Upper Peninsula Intermediate School District,2786
Eastpointe Community Schools,1944
Eaton RESA,1639
ECHO Joint Agreement,1749
Ector County Independent School District,1406
Ector ISD,2492
Edcouch-Elsa ISD,1455
Eddyville Charter School,2821
Eden Valley-Watkins Schools,1816
Edgewood ISD-Bexar County,844
Edgewood ISD-Van Zandt County,1298
Edina Public Schools,2636
Edinburg Community Unit School District #4,1750
Edinburg Consolidated Independent School District,1044
Edna ISD,1614
Education Service Center Region 13,1949
"Education Service Center, Region 20",1988
Effingham Community Schools,1670
El Campo Independent School District,901
Elba Public Schools,441
Electra Independent School District,2552
Elgin Independent School District,Elgin
Elizabethton City Schools,594
Elk City Public Schools,326
Elk Rapids Schools,2387
Elkhart ISD,1307
Elkhorn Valley Schools,408
Elm Creek Public Schools,140
Eloy Elementary,2034
Elysian Fields ISD,2644
Emerson-Hubbard Public Schools,Emerson-Hubbard
Empire Public Schools,2494
Enid Public Schools,Enid
Ennis ISD,862
Epic Charter School,2685
Era ISD,846
Española Public Schools District #55,2123
Estacada School District,1566
Estancia Municipal Schools,2064
ESU 01,467
ESU 03,52
ESU 06,471
ESU 07,161
ESU 08,379
ESU 13,469
ESU 15,220
ESU 16,374
ESUCC,132
Eufaula Public Schools,2637
Eugene School District 4J,1549
Eureka USD 389,2660
Eustace ISD,722
Evadale ISD,2044
Evanston Township High School District 202,1479
Evanston/Skokie School District 65,1247
Evansville Vanderburgh Public Library,2017
Evant ISD,1843
Evergreen Park Elementary SD124,1748
Everman ISD,1454
Fabens ISD,1346
Fairbury Public Schools,75
Fairfield ISD,695
Faith Family Academy,2407
Falls City ISD,1937
FALLS Education CO-OP,1291
Faribault Public Schools,1125
Farmersville ISD,1008
Farmington Municipal Schools,1154
Farmington Public Schools,1087
Fayetteville Independent School District,1064
FENTON COMMUNITY HIGH SCHOOL DISTRICT 100,1427
Fern Ridge SD 28J,1535
Ferndale Public Schools,1323
Ferris ISD,2326
Fillmore Central Public Schools,180
Fillmore County,FillmoreCounty
First 5 LA,2038
First 5 Riverside,2119
Flat Rock Community Schools,1609
Flatonia ISD,1774
Flint Community Schools,1324
Flinthills USD 492,2603
Floodwood School District #698,1132
Florence Independent School District,677
Floresville ISD,1706
Flour Bluff Independent School District,1439
Flowing Wells Schools,1607
Floydada Collegiate ISD,2287
Foley ISD 51,1823
Follett ISD,2021
Forest Grove School District,3194
Forest Hills Public Schools,691
Forest Lake Area Schools,1059
Forney ISD,637
Forrest County School District,1740
Forrestville Valley School District 221,1249
Forsan ISD,834
Fort Bend Independent School District,649
Fort Calhoun Community Schools,151
Fort Cherry School District,2141
Fort Elliott CISD,2803
Fort Gibson Public Schools,fortgibson
Fort Hancock Independent School District,2300
Fort Sam Houston ISD,1984
Fort Smith Public Schools,1150
Fort Worth ISD,733
Four Rivers Special Education District,2001
Frank Phillips College,2308
Frankfort CUSD 168,1726
Franklin Public Schools,95
Franklin Special School District,568
FRANKSTON ISD,2208
Fraser Public Schools,1115
"Frazee-Vergas Public Schools, ISD 23",1088
Frederic School District,2070
Fredericksburg ISD,825
Freeland Community School District,1317
Freeman Public Schools,197
Freer ISD,1001
Fremont Public Schools,199
Fremont School District No. 79,1732
Fridley Public Schools,1114
Friend Public Schools,185
Friends Board of Trustees,533
Friendship Public Charter School,2126
Friona ISD,1262
Frisco ISD,2014
Frontier Public Schools,2471
Frost ISD,2331
Fruitport Community Schools,2482
Fruitvale ISD,1938
Gail Borden Public Library District,1426
Gainesville ISD,2214
Galena City School District,2586
Galena Park ISD,1860
Galveston College,1505
Galveston Independent School District,1941
Ganado ISD,2306
Gans Public School,2717
Garber Public Schools,2541
Garden City Public Schools USD 457,2712
Garland Independent School District,1084
Garner ISD,730
Garrison ISD,2055
Gary ISD,884
Gatesville ISD,910
Gavin School District 37,1251
Gaylord Community Schools,913
Geneva CUSD 304,1667
Georgetown ISD,966
Georgetown-Ridge Farm Unit No.4,1731
Gering Public Schools,gering
Germantown Municipal School District,557
Gibson County Special School District,569
Giddings ISD,710
Gilmer ISD,1768
Giltner Public Schools,386
Gladewater Independent School District,2202
Glasscock County ISD,1363
Glastonbury Public Schools,2417
Glen Ellyn School District 41,1309
Glen Rose Independent School District,732
Glenbard Township High School Dist #87,1729
Glencoe Public Library,1234
Godley ISD,2605
Gogebic Ontonagon Intermediate School District,2747
Goldendale School District,780
Goldthwaite CISD,881
Goliad ISD,2600
Gonzales Independent School District,950
Goodhue County Education District,971
Goodwell Public Schools,2533
Goodwill Central Texas/Excel,2502
Goose Creek CISD,1195
Gordon ISD,1081
Gordon-Rushville School,385
Gothenburg Public Schools,164
GPM Life Insurance,2393
Grady ISD,987
Graham ISD,800
Granbury ISD,772
Granby Public Schools,2427
Grand Island Public Schools,63
Grand Prairie Independent School District,948
Grand Saline ISD,824
Grand View Public Schools,3129
Grandfalls-Royalty Independent School District,3189
Grandfield Public Schools,2508
Grandview ISD,1755
Grandville Public Schools,3041
Granger ISD,1848
Granite School District,2744
Grant Community High School District 124,1751
Granton Area School District,2168
Grape Creek ISD,734
Grapevine-Colleyville ISD,1198
Gratiot County Courthouse,1371
Grayslake CHSD 127,1736
Grayson College,1233
Greasewood Springs Community Schools,763
Great Plains Technology Center,529
Greater Albany School District 8J,2005
Greenbush Middle River ISD 2683,1219
Greeneville City Schools,gcschools
Greenville Electric Utility System (GEUS),682
Greenville ISD,1948
Greenwood Independent School District,729
Gregory-Portland ISD,1396
Gresham-Barlow School District,3214
Groesbeck ISD,670
Groom Independent School District,1884
Grosse Ile Township Schools,1334
Grove Public Schools,Grove
Gull Lake Community Schools,1057
Gunter ISD,1238
Gurnee School District 56,1244
Gustine ISD,2784
Guymon Public Schools,272
Hale Center ISD,2278
Hallettsville ISD,2193
Hallsville ISD,1976
Hamilton Community Schools,1630
Hamilton County Department of Education,571
Hamilton ISD,951
Hamlin Collegiate ISD,917
Hamshire-Fannett ISD,792
Hancock County School District,2645
Happy ISD,2251
Harbor Springs Public Schools,1180
Hardin ISD,1123
Hardin-Jefferson ISD,952
Harlandale ISD,1981
Harlem Consolidated School District,1725
Harleton Independent School District,1864
Harlingen Consolidated Independent School District,1015
Harmony ISD,942
Harper Creek Community Schools,1420
Harper Woods School District,1638
Harrah Public Schools,Harrah
Harrison County School Board,2161
Harrison School District 36,1264
Hart Public Schools,1028
Harts Bluff ISD,937
Harvard CUSD 50,1227
Harvey School District 152,1735
Haskell CISD,2723
Haskell Public Schools,329
Hastings Public Schools,hastingsschools
Hastings Public Schools,931
Hawkins Independent School District,678
Haworth Public Schools,2411
Hayes Center Public Schools,133
Hays CISD,1858
Haywood County Schools,558
Hazel Crest School District 152 1/2,1401
Hazel Park Schools,1527
Hearne ISD,2705
Heart of Texas Behavioral Health Network,3207
Heartland Community Schools,heartland
Hedley Independent School District,2684
Helix School District,2585
Help Partner,help
Hemingford Public Schools,Hemingford
Hemphill ISD,2578
Hempstead Independent School District,2241
Henderson ISD,958
Hennessey Public School,366
Henrietta ISD,755
Hereford ISD,2218
Hermantown Community Schools,2711
Hermiston School District,1544
Hershey Public Schools,58
Hickman County Schools,562
Hico ISD,656
Hidalgo ISD,2062
High Plains Community Schools,74
Highland ISD,1398
Highland Park ISD- Dallas County,2024
Highland Park ISD-Potter County,935
Hill City School,1074
Hill College,1013
Hill County SSA,2106
Hilldale Public Schools,Hilldale
Hillsboro ISD,953
Hillsboro School District 1J,1540
Hillsdale County ISD,1101
Hinckley-Big Rock CUSD No.429,1228
Hitchcock ISD,1009
Holbrook Unified School District 3,1359
Holdrege Public Schools,51
Holland ISD,2290
Holland Township School,1928
Hollandale School District,2384
Holliday Independent School District,1881
Holly Area Schools,1471
Holmes County Consolidated School District,974
Homedale Jt. School District 370,2069
Homer CCSD 33C,1742
Homer Community School,472
Hondo Independent School District,640
Honey Grove I.S.D.,1224
Hooks ISD,2309
Horizon Montessori Public Schools,2035
Houghton Lake Community Schools,1030
House Municipal Schools,2760
Houston Community College,3045
Howard College,1861
Howell Public Schools,1421
HTRS Public Schools,184
Hubbard ISD - Hill County,2013
Huckabay ISD,975
Hudson ISD,1672
Huffman ISD,2641
Hugo Public Schools,2813
Humboldt City School District,565
Huntington ISD,946
Huntley Community School District 158,1422
Huntsville ISD,736
Huron Intermediate School District,961
Hutto ISD,749
Hydaburg City School District,1529
Idabel Public Schools,341
Idalou ISD,2327
Iditarod Area School District,2697
Illini Central CUSD #189,701
Illinois Eastern Community Colleges,2652
Illinois School District Agency,1730
Imlay City Community Schools,941
Independent School District #272 Eden Prairie Schools,1589
Independent School District #361,1332
Independent School District 31,1297
Independent School District 316,1817
Independent School District 748,1516
Independent School District 761,1055
Independent School District No. 465,1692
Ingham Intermediate School District,1274
Ingleside ISD,787
Inola Public Schools,319
Interlocal Health Benefits Committee,IHBC
Intermediate District 287,1201
Intermediate School District 917,1033
Ionia County Intermediate School District,1181
Ionia Public Schools,1626
Iowa Park CISD,2788
Ira ISD,1440
Iron Mountain Public Schools,2749
Irving Independent School District,828
Isanti Community School,Santee
ISD #186 - Pequot Lakes Public Schools,1743
ISD #696 - Ely Public Schools,1352
ISD 199 Inver Grove Heights Schools,1694
ISD 279 - Osseo Area Schools,2519
ISD 640-Wabasso Public Schools,1696
Italy Independent School District,2171
Itasca Independent School District,835
Itasca School District #10,1744
J. Sterling Morton High School District 201,1387
Jackson County School District,1999
Jackson Local Schools,778
Jackson-Madison County School System,572
Jacksonville ISD,1207
Jacksonville School District #117,1241
Jarrell ISD,1933
Jasper ISD,2063
Jayton-Girard ISD,2477
Jefferson Independent School District,982
Jemez Valley Public Schools,2124
Jenison Public Schools,1644
Jesse's Regression Test Organization,2388
Jim Hogg County ISD,2328
Jim Ned Consolidated Independent School District,1441
Johnson City Schools,556
Johnson County Central Public Schools,118
Joliet Township High School District 204,1212
Jones Public Schools,342
Jonesboro Elementary School District 43,2523
Joppa - Maple Grove Unit District #38,2825
Jordan School District #717,1773
Joseph City Unified School District,894
Joshua Independent School District,759
Jourdanton Independent School District,1836
Juab School District,1500
Judson ISD,1434
Junction Independent School District,753
Justus-Tiawah,1943
Kalamazoo RESA,1619
Kaleva Norman Dickson School District / Bear Lake Schools,2092
Kansas School Board Association,Kansas
Karnack ISD,3197
Karnes City ISD,977
Kaufman Independent School District,2293
Kearney Public Schools,73
Keene ISD,1849
Keeneyville School District 20,1389
Keller Independent School District,2320
Kelton ISD,2321
Kemp Independent School District,2338
Kenedy County-Wide Common School District,2201
Kenedy ISD-Karnes County,1746
Kenesaw Public Schools,kenesawschools
Kennard ISD,1676
Kennedale Independent School District,2219
Kenosha Unified School District,2131
Kent ISD,2589
Kentucky State Board of Licensure for Professional Engineers,1753
Kenyon Wanamingo Schools,1811
Kerens Independent School District,897
Kermit ISD,2213
Kerrville Independent School District,684
Ketchum Public Schools,2577
Kewaunee School District,2139
Keya Paha County Schools,127
Kildeer Countryside School District 96,2806
Kilgore College,1011
Kilgore College Foundation,2538
Kilgore ISD,920
Killdeer Public School,2623
Killeen Independent School District,1051
Killingly Public Schools,2428
Kimball Public Schools,388
King County Library System,2778
Kingman USD #20,2802
Kingsley Area Schools,2354
Kingsport City Schools,kcs
Kingsville ISD,2237
Kirbyville CISD,954
Kittson Central School District,3193
Klamath County School District,1570
Klamath Falls City Schools,1567
Klein Independent School District,921
KMS Public School,709
Komarek School District 94,1230
Kountze ISD,1403
Krum ISD,717
LA FERIA INDEPENDENT SCHOOL DISTRICT,1835
La Grange Independent School District,766
La Porte Independent School District,767
La Pryor ISD,960
La Vega ISD,870
La Vernia ISD,1470
La Villa ISD,1962
Lackland ISD,1983
LaCrosse Public Schools USD 395,2649
Lafayette School Corporation,1838
Laguna Department of Education,1520
Lake and Peninsula School District,1232
Lake Bluff School District 65,1265
Lake County School District 7,1557
Lake Crystal Wellcome Memorial Schools,1690
Lake Dallas Independent School District,859
Lake Orion Community Schools,1518
Lake Pend Oreille School District #84,2582
Lake Ridge Schools,2056
Lake Shore Public Schools,1620
Lake Travis Independent School District,900
Lake Villa School District 41,1255
Lake Worth ISD,842
Lakeland Joint School District No. 272,2129
Lakeland School System,lakelandk12
Lakeshore Public Schools,1617
Lakeview Community Schools,1070
Lakeview Community Schools,Lakeview
Lakeview Public Schools,1089
Lakeville District Schools,1160
Lakeway MUD,698
Lakewood Public Schools,902
Lamar CISD,2273
Lamar County School District,782
Lamesa ISD,686
Lampasas Independent School District,1901
Lancaster ISD,743
Lane Education Service District,1565
Lansing School District,1579
Lapeer Community Schools,993
Laporte Public Schools #306,1134
LaPoynor ISD,700
Laredo College,2181
Laredo Independent School District,2520
Lasara Independent School District,2296
Latexo Independent School District,2196
Latta Public Schools,2785
Lauderdale County Department of Education,545
Laurel-Concord-Coleridge School,104
Lawrence-Nelson Public Schools,lawrence-nelson
Lawton - Fort Sill Chamber,3159
Lawton Chamber of Commerce,2561
Lawton Community Schools,1622
Lawton Public Schools,328
Le Sueur-Henderson Public Schools,1666
Leakey ISD,706
Leander ISD,795
Learning Community of Douglas & Sarpy Counties,389
Lee College,747
Lee County Schools,985
Lefors ISD,973
Leland Public School,2817
Lemont High School District 210,1271
Leon ISD,1996
Leroy-Gridley USD 245,2648
Lester Prairie Schools,2562
Levelland ISD,2283
Lewis County Schools,2780
Lewiston-Altura Public Schools,2341
Lewisville Independent School District,1194
Lexington ISD,1257
Lexington Public Schools,48
Leyden High School District 212,1259
Leyton Public Schools,495
Liberty Hill ISD,929
Liberty Independent School District,725
Liberty-Eylau ISD,822
Libertyville Elementary District 70,1784
Lincoln County School District,2565
Lincoln ESD 156,2505
Lincoln Public Schools,89
Lincolnshire-Prairie View School District 103,1204
Lincolnwood District 74,1270
Lindale ISD,2191
Linden-Kildare CISD,739
Lindop School District 92,1578
Lindsay ISD,1875
Lindsay Public Schools,lindsay
Lipan ISD,1947
Lisle CUSD 202,1795
Little Cypress-Mauriceville CISD,807
Little Elm ISD,860
Little Falls Community Schools,903
Livingston ISD,1664
Livonia Public Schools School District,1615
Llano ISD,681
Lockhart Independent School District,714
Lockport School District 91,1496
Locust Grove Public School,586
Logan View Public Schools,LoganView
Lombard School District 44,740
Lomega Public Schools,505
London Independent School District,996
Lone Oak Independent School District,2315
Long Prairie-Grey Eagle Public Schools,1444
Longview ISD,2235
Loomis Public School,136
Lorena ISD,933
Lorenzo ISD,2435
Los Alamos Public Schools,2696
Los Fresnos CISD,887
Louise ISD,2107
Louisiana  Citizens Property Insurance Corporation,2594
Loup City Public Schools,LoupCity
Lovejoy Independent School District,856
Lovelady Independent School District,1078
Lower Platte North NRD,155
Lubbock Independent School District,869
Lubbock-Cooper ISD,1703
Luling ISD,1156
Lumberton ISD,851
Luther Public Schools,514
Lyford CISD,1489
Lyme-Old Lyme Schools,2421
Lyon County School District,1027
Lyons School District 103,1785
Lyons Township High School District 204,1797
Lyons-Decatur Northeast,499
Lytle Independent School District,1872
Mabank Independent School District,1915
Macomb Community College,1312
Madison District Public Schools,1640
Madison Public Schools,198
Madison Public Schools,2416
Madisonville CISD,2059
Magnolia ISD,793
Mahtomedi Public Schools,1077
Malakoff Independent School District,653
Malcolm Public Schools,494
Mammoth - San Manuel Unified School District,2122
Manchester City Schools,manchestercitysch
Manistee Area Public Schools,1636
Manistee Intermediate School District,1079
Manitowoc Public School District,2108
Mannheim District 83,1275
Manor Independent School District,938
Mansfield ISD,1116
Maple Lake Public Schools,1832
Marana Unified School District,1780
Marathon ISD,805
Marble Falls ISD,1042
Marengo CHSD 154,2789
Marengo Union Elementary CSD 165,1525
Marfa ISD,1076
Marietta Public Schools,Marietta
Marion ISD,1985
Marlin Independent School District,1890
Marlow Public Schools,2576
Marquette Alger Regional Educational Service Agency,1137
Marquette Public Schools,1492
Marshall County School District,548
Marshall Independent School District,798
Mart ISD,2436
Martin's Mill ISD,2240
Martinsville ISD,1280
Mary M. Knight School District,2077
Marysville Public Schools Districts,1172
Mason ISD,1905
Mason Public Schools,1099
Mathis Independent School District,2742
Mattawan Consolidated School,1508
Maud ISD,1889
Maxwell Public Schools,135
Maypearl ISD,863
Mayville Community Schools,2352
Maywood Public Schools,187
Maywood School District 89,1713
McAllen Independent School District,1045
McCall-Donnelly Jt. School District No. 421,2127
McCamey ISD,2015
McCook Public Schools,mccook
McDade ISD,2814
McFarland School District,1757
McKinney ISD,2118
McLean County Unit District No. 5,1482
McLean ISD,2654
McLoud Public Schools,332
McMullen County ISD,879
Meade School District 46-1,Meade
Meadow ISD,2250
Medford Public School,1173
Medford School District,1545
Medina Independent School District,702
Medina Valley ISD,760
Melissa ISD,716
Memphis ISD,847
Menahga Public School District 821,940
Mendon Community Schools,1091
Mendota CCSD 289,2543
Mendota High School,1330
Mercedes ISD,2182
Meridian CUSD 223,1268
Merkel Independent School District,1399
Mesa County Valley School District  No. 51,2807
Mesa Vista Consolidated Schools,1974
Mesquite ISD,1314
Metamora CCSD 1,2386
Metlakatla Indian Community,2581
Metro Technology Centers,2507
Mexia ISD,1752
Meyersville ISD,2286
Miami Independent School District,1883
Miami Public Schools,833
Michigan Center Schools,1624
Michigan Independent Colleges & Universities,2174
Mid-America Technology Center,363
Mid-Del City Public Schools,585
Middle Rio Grande Development Council,1582
Middletown Public Schools,2423
Middletown Public Schools,2634
Midland Independent School District,641
Midlothian ISD,1700
Mid-State Education District,1808
Mid-Valley Special Education Cooperative,1669
Midway ISD,728
Midwest Central CUSD #191,1206
Milam Appraisal District,2998
Milam County Commissioners Court,3085
Milano ISD,1771
Mildred ISD,1032
Miles ISD,1337
Milford Public Schools,137
Mill Creek Academy,2800
Miller Grove ISD,976
Millington Community Schools,2551
Millsap ISD,1603
Millstadt CCSD 160,1486
Millwood Public Schools,314
Milton Freewater School District,1546
Minco Public Schools,minco
Minden Public Schools,150
Mineola Independent School District,2269
Mineral Point Schools,2067
Mineral Wells Independent School District,957
Mingus Union High School District 4,2011
Minidoka County School District,2041
Minneapolis Public Schools Board of Education,1807
Minnesota State Academies Board,1131
Minnewaska Area Schools,1335
Minooka Community High School,1417
Mission Consolidated Independent School District,741
Mississippi Department of Education,979
Mississippi State Port Authority,1272
Mitchell Public Schools,67
Mitchell School District,2678
Moffat Consolidated #2,2793
Moffat County School District RE 1,2758
Mokena School District 159,1269
Molalla River School District,1539
Moline-Coal Valley School District No. 40,1787
Monahans-Wickett-Pyote ISD,1958
Monroe Public Schools,1641
Montabella Community Schools,1643
Montcalm Area Intermediate School District,1313
Monte Alto ISD,784
Montevideo Public Schools,2489
Montgomery ISD,2239
Moody Independent School District,2220
Moore Norman Technology Center,MooreNorman
MOREgroup,2782
Morgan County Schools,540
Morrill Public Schools,morrill
Morris Area Public Schools,1596
Morris Elementary School District #54,1322
Morrow County School District,1536
Motley County ISD,1887
Moulton ISD,1960
Mount Clemens Community Schools,1631
Mount Pleasant Independent School District,768
Mount Pulaski CUSD #23,2414
"Mount Vernon City Schools, District 80",1806
Mt. Pleasant Public Schools,2679
Mt. Vernon Independent School District,1766
Mt. Vernon Township High School,1199
Muenster ISD,1781
Muleshoe Independent School District,1765
Mullen Public Schools,393
Mullin ISD,1151
Multnomah Education Service District,1538
Munday CISD,1021
Murchison ISD,2231
Murfreesboro City Schools,570
Muskegon Area ISD,1637
Mustang Public Schools,Mustang
N1 Demo,3196
Nacogdoches ISD,786
NASB Staff Meetings,3198
NASB TEST TEST TEST,589
Natalia ISD,688
National Purchasing Cooperative,816
National School Boards Association,2394
Navarro Independent School District,1383
Navasota ISD,1869
Naytahwaush Community Charter School,1830
NDSBA Test Member School DISTRICT,2810
NE Land,NELand
Neah-Kah-Nie School District No. 56,1560
Nebraska City Public Schools,194
Nebraska Department of Education,152
Nebraska Public Leadership Foundation,176
Neches ISD,2253
Nederland Independent School District,932
Needville ISD,1347
Negaunee Public Schools,1621
Neoga Community Unit School District #3,1279
Nevis Public Schools - ISD 308,1693
New Berlin CUSD # 16,2004
New Boston ISD,1126
New Braunfels ISD,1512
New Buffalo Area Schools,1056
New Caney Independent School District,2256
New Deal ISD,2798
New Diana ISD,872
New Fairfield Public Schools,2415
New Town Public Schools,2755
New Waverly ISD,883
Newcastle Public Schools,Newcastle
Newman Grove Public Schools,160
Newport School District,2076
Newton ISD,1888
Newtown Public School District,2787
Nicole Test Organization,nicoletest
Nicollet Public Schools,1842
Niles Community Schools,1659
Niles Township District for Special Education #807,2698
Niles-Maine District Library,1293
Ninnekah Public Schools,2546
Nippersink School District 2,1423
Nixon-Smiley CISD,650
Noble Public Schools,300
Nocona Independent School District,2117
Nome Public Schools,1867
Nordheim ISD,2206
Norfolk Public Schools,65
Norman Public Schools,213
Normangee ISD,776
Norridge School District 80,1242
Norris School District 160,69
North Bend Central Public Schools,452
North Bend School District #13,1573
North Branch Area Public Schools,1686
North Clackamas School District,1564
North Crawford School District,2150
North DuPage Special Education Cooperative,1336
North East Independent School District,1897
North Hopkins ISD,2304
North Lamar ISD,1049
North Platte Public Schools,124
North Rock Creek Public Schools,354
North Santiam School District 29J,1548
North Shore School District 112,2398
North Slope Borough School District,1316
North Stonington Public Schools,2628
North Wasco County School District 21,1556
North Zulch ISD,797
Northbrook District 28,1190
Northeast Metro 916,2488
Northeast Texas Community College,1917
Northeast USD 246,2627
Northern Area Local Workforce Development Board,779
Northern Valley Schools,2261
Northland Community Schools - ISD 118,1430
Northside ISD,2695
Northville Public Schools,1326
Northwest Arctic Borough School District,1035
Northwest Education Services,2486
Northwest Independent School District,1405
Northwest Kansas ESC 602,3087
Northwest Public Schools,81
Northwest Technology Center,2630
Northwestern Illinois Association,1342
Nova Classical Academy,1695
Novi Community School District,2699
Nowata Public Schools,2746
Nueces County Hospital District,1886
Nye County School District,1025
Oak Grove School District 68,1240
Oak Park ESD 97,1477
Oak Park Schools,1012
Oak Ridge School District,551
Oakdale Public Schools,305
Oakland Township,2002
Odessa College,2234
O'Donnell ISD,2081
Ogallala Public Schools,92
Ogden City School District,752
Oilton Public Schools,1177
Okarche Public Schools,Okarche
Okemah Public Schools,okemah
Okemos Public Schools,2515
Oklahoma Liquid Asset Pool,OLAP
Oklahoma SCSB,1893
OKSTE,885
Oktaha Public Schools,367
Olton ISD,962
Olympia CUSD 16,1245
Omaha Housing Authority,201
Omaha Public Schools,120
Onaga-Havensville-Wheaton USD 322,2706
Onalaska Independent School District,1005
O'Neill Public Schools,oneill
Ontario School District 8C,1188
Oologah-Talala Public Schools,309
Oracle Elementary School District No.2,2125
Orange Grove ISD,2329
Orangefield Independent School District,2091
Ord Public Schools,Ord
Ore City ISD,1878
Oregon Commission on Autism Spectrum Disorder,2155
Oregon School Boards Association,Oregon
Oregon State Board of Education,2146
Oregon Trail School District #46,1571
Orion Township,1374
Orono Public Schools,1828
Osawatomie USD 367,2595
Osceola Public Schools,138
Osmond Community Schools,481
OSSBA Demo,240
OSSBA Employee Benefits,EBP
Oswego Public Library District,2043
Otsego Public Schools,1652
Ottawa Area Intermediate School District,969
Overton ISD,1967
Owasso Public Schools,601
Oxford Community Schools,1339
Oxford USD 358,3088
Paducah ISD,2187
Palacios Independent School District,1210
Palestine ISD,1246
Palmer Independent School District,683
Palmer Public Schools,palmer
Palmyra District OR-1,174
Palos Heights School District #128,2434
Pampa Independent School District,2186
Pana CUSD #8,1756
Panhandle ISD,967
Panola College,1189
Papillion La Vista Community Schools,papillion-lavista
Paradise ISD,2289
Paris ISD,687
Paris Junior College,1225
Paris Union School District 95,818
Parkersburg Utility Board,1929
Parkrose School District 3,1541
Parkview School District,1925
Parshall School District #3,2216
Pasadena Independent School District,1894
Pauls Valley Public Schools,PaulsValley
Paw Paw CUSD #271,1977
Paw Paw Public Schools,1661
Pawhuska Public Schools,Pawhuska
Pawnee ISD,1961
Paxton Consolidated Schools,86
Payson Unified School District,1839
Pearl River Community College,2531
Pearsall ISD,632
Peaster ISD,2318
Peck Community Schools,1656
Pecos-Barstow-Toyah ISD,1877
Pekin Community High School District No. 303,1595
Pender Public Schools,129
Pendleton School District 16R,1559
Pennfield Schools,2568
Pennoyer School District #79,1278
Perkins County Schools,113
Perkins-Tryon,2675
Perry Public Schools,Perry
Perryton Independent School District,689
Petersburg ISD,2344
Petersburg School District,1532
Petrolia CISD,708
Pettus Independent School District,1859
Pewitt CISD,654
Pflugerville ISD,Pflugerville
Pharr-San Juan-Alamo ISD,2163
Phoenix-Talent Schools,2579
Pickford Public Schools,2808
Pillager School District #116,2530
Pilot Point Independent School District,2105
Pima County Joint Technical Education District,1386
Pinckney Community Schools,2564
Pine River Area Schools,1424
Pine River-Backus Schools,2584
Pine Tree Independent School District,790
Pineywoods Community Academy,3043
Pioneer Tech Ctr,321
Pipestone Area Schools,1058
Pittsburg ISD,1450
Plains Independent School District,823
Plainview ISD,1882
Platte County,plattecounty
Plattsmouth Community Schools,56
Pleasant Grove Independent School District,841
Pleasant Plains Community Unit District 8,1789
Pleasant Valley School District # 62,764
Pleasantdale School District 107,1289
PLEASANTON INDEPENDENT SCHOOL DISTRICT,1980
Pleasanton Public Schools,401
Plemons-Stinnett-Phillips CISD,1002
Pojoaque Valley School District,1370
Policy Demo,PolicyDemo
Ponca City Public Schools,531
Ponca Public Schools,149
Pond Creek-Hunter Public Schools,2716
Ponder Independent School District,2363
Pontiac School District,1112
Pope County,2342
Port Aransas ISD,671
Port Arthur ISD,2236
Port Huron Area School District,943
Port Neches-Groves ISD,1419
Port of Orange,1217
Port of Port Arthur,2761
Port Orford-Langlois School District 2CJ,1552
Port San Antonio,2152
Port Tampa Bay,1448
Portage Public Schools,1485
Portland Public Schools,915
Post ISD,1094
Poth ISD,699
Potter-Dix Public Schools,159
Pottsboro ISD,829
Prairie Grove CSD 46,1431
Prairie Hills USD 113,2715
Prairie Lea ISD,2719
Prairiland ISD,2317
Premont ISD,2221
Prescott Unified School District,1369
Presidio ISD,827
Preston Joint School District #201,2607
Preston Public Schools,2429
Princeton Independent School District,1770
Princeton Public Schools - ISD 477,1092
Prior Lake-Savage Area Schools,1136
"Promesa Public Schools, Inc.",2340
Prospect Heights School District 23,1256
Prosper Independent School District,2084
Proviso Area for Exceptional Children,2812
Proviso Township High Schools,1791
Public Schools of Petoskey,1237
Purcell Public Schools,1145
Putnam County CUSD 535,1267
Putnam County School District,546
Quanah ISD,2244
Queen Bee School District 16,1782
Queen City ISD,2198
Quinlan Independent School District,2079
Quitman Independent School District,926
Rains ISD,644
Ralls Independent School District,1946
Ralston Public Schools,154
Ramirez CSD,2335
Randall Community Water District,1939
Randolph Field Independent School District,1681
Rankin School District 98,1254
Rantoul City Schools,2431
Ravenna Public Schools,64
Raymond Central Public Schools,203
Raymondville ISD,912
Read Foundation/Memphis School of Excellence,SEMemphis
Reagan County ISD,799
Red Lake Schools #38,1072
Red Lick Independent School District,2324
Red Oak ISD,2272
Red River Technology Center,320
Red Wing Public Schools - ISD 256,837
Redwater ISD,836
Reed City Area Public Schools,2534
Reedsport School District,2759
Refugio ISD,2532
Region 10 Education Service Center,1164
Region 11 Education Service Center,848
Region 12 Education Service Center,1851
Region 16 Education Service Center,906
Region 16 PSP Consolidated ISD Advisory Board,2804
Region 17 Education Service Center,2601
Region 18 Education Service Center,756
Region 3 Education Service Center,1096
Region 4 Education Service Center,2173
Region 5 Educational Service Center,1776
Region 7 Education Service Center,2710
Region 8 Education Service Center,2282
Region One Education Service Center,1388
Renwick USD 267,2797
Reynolds School District,1006
Rhodes School District 84 1/2,2726
Ricardo Independent School District,1902
Rice CISD,663
Rice Independent School District,1016
Richard Milburn Academy,1986
Richardson ISD,705
Richland County CUSD 1,1308
Richmond-Burton CHSD 157,1786
Ridgeview CUSD #19,2404
Ridgewood High School District 234,2337
Riley CCSD 18,3005
Rio Vista ISD,916
River Forest Public Schools,1677
River Road ISD,923
River Trails School District 26,1305
Rivercrest Independent School District,2164
Riverside Brookfield High School,1689
Riverside School District 96,1668
Riviera ISD,2302
Robbinsdale Area Schools,964
Robinson CUSD #2,2513
Robinson ISD,983
Robstown ISD,1504
Roby Consolidated ISD,2012
Rochelle ISD,1073
Rock Island - Milan School District #41,1341
Rock Ridge Public Schools - ISD 2909,1613
Rockdale ISD,2212
"Rockford Area Schools, ISD 883",1166
Rockford Public Schools,3040
Rockport-Fulton Independent School District,854
Rocksprings ISD (069901),1351
Rockwall Independent School District,2276
Rocky Boy Schools,2020
ROCORI SCHOOL DISTRICT 750,1809
Rogers ISD,1048
Roma ISD,2323
Rondout School District 72,1491
Roosevelt Independent School District,727
Ropes Independent School District,2792
Roscoe Collegiate ISD,2397
Roscommon Area Public Schools,1498
Roseau Community School,1340
Rosebud-Lott ISD,750
ROSELLE SCHOOL DISTRICT 12,1680
Roseville Area Schools,2473
Rossville-Alvin CUSD 7,1793
Roswell Independent School District,1919
Round Top-Carmine ISD,2086
Royal Independent School District,2229
Royal Oak Schools,1657
Royal Valley USD 337,2574
Royalton Public Schools,1814
Royse City ISD,2210
Ruidoso Municipal School District,801
Runge ISD,882
Rush City Public Schools,1833
Rushford-Peterson Schools,1829
Rusk Independent School District,875
Russell Test,604
Russellville School District,2994
S & S CISD,1436
Sabine Pass Independent School District,843
Saginaw ISD,1170
Saginaw Public Schools,1662
Saginaw Township Community Schools,1171
Saint Paul Public Schools,1810
Saint Peter Public Schools,1605
Salado ISD,1288
Saline County,507
Salt Creek School District 48,2680
Salt Lake City School District,2763
Sam Rayburn ISD,2332
San Angelo ISD,899
San Antonio ISD,1982
San Benito Schools,2809
San Carlos Unified School District No. 20,1920
San Diego Independent School District,1179
San Elizario ISD,2311
San Felipe Del Rio CISD,775
San Isidro ISD,2319
San Marcos CISD,981
San Perlita I.S.D.,2203
San Saba ISD,646
San Vicente ISD,2986
Sandhills Public Schools,sandhills
Sandridge School District No. 172,1531
Sands CISD,2028
Sandy Creek Public Schools,sandycreek
Sanford-Fritch ISD,693
Sanger Independent School District,666
Santa Cruz Valley Union HS,1995
Santa Gertrudis ISD,2189
Santa Maria Independent School District,3195
Santa Rosa Independent School District,1671
Santo ISD,1128
Sapulpa Public Schools,270
Saranac Community Schools,1653
Sargent Public Schools,459
SASED Administrative Center,1519
Saunders County Board of Supervisors,117
Savoy ISD,2539
Sayre Public Schools,sayre
Schertz-Cibolo-Universal City ISD,1900
Schiller Park School District 81,1788
Schleicher County ISD,2739
School District 197,1385
School District 206,1200
School District 45,1675
School District 622,1069
School District of Amery,2090
School District of Cameron,1594
School District of Cudahy,1139
School District of Flambeau,1353
School District of Mauston,1187
School District of Mishicot,1698
School District of New Glarus,970
School District of Potosi,2042
School District of River Falls,1447
School District of South Milwaukee,2087
School District of Tomahawk,2045
School District of Turtle Lake,1772
School District of Wauzeka-Steuben,2054
Schoolcraft Community Schools,2500
Schulenburg ISD,1852
Schuyler Community Schools,schuyler
Scio School District,2820
Scottsbluff Public Schools,49
Scurry-Rosser ISD,838
Sealy ISD,1432
Seaside School District,3046
Seguin ISD,867
Selenium UI Test City (Tier 2),576
Selenium UI Test School (Tier 1),575
Seminole Independent School District,719
Seminole Public Schools,Seminole
Seward Public Schools,80
Seymour ISD,1433
SH 130 Municipal Management District No. 1,2743
Shakopee Public Schools,1215
Shallowater ISD,2205
Shamrock ISD,2330
Sharon-Mutual Public Schools,SharonMutual
Sharyland ISD,2078
Shawnee Public Schools,356
Shelby-Rising City Public Schools,115
Sheldon ISD,1876
Shelton Public Schools,shelton
Shepherd ISD,673
Sheridan School District 48J,1550
Shickley Public Schools,485
Shorewood School District,1921
Silsbee Independent School District,667
Silver Consolidated School District,945
Silver Falls School District,1569
Silver Lake Public Schools,123
Silverton ISD,692
Simms ISD,2061
Sinton ISD,794
Sioux Falls School District 49-5,siouxfalls
Sitka School District,2528
Sivells Bend ISD,2653
Skidmore-Tynan ISD,1511
Skokie School District 68,1402
Skokie School District 69,1794
Slaton Independent School District,726
Slidell ISD,2602
Smith Center USD 237,2997
Smith County Board of Education,smithcoedu
Smithville ISD,1738
Snook ISD,1904
Snowflake Unified School District #5,2154
Snyder ISD,936
Socorro ISD,2313
Soda Springs Joint School District,1356
Solomon Unified School District 393,2984
Somers Public Schools,2459
Somerset Independent School District,2259
Somerville ISD,1777
Somonauk CUSD 432,1410
Sonora ISD Administration,1303
South Central USD 5,southcentral
South Coast ESD,1574
South Harrison Community School Corporation,1138
South Holland School District,1380
South Koochiching - Rainy River ISD 363,1827
South Platte School District 95,402
South San Antonio ISD,2343
South Sioux City Community Schools,76
South St. Paul Public Schools,1813
South Texas ISD,1663
South Umpqua School District,2991
Southeast Island School District,1397
Southeast Technical College,STC
Southern Oklahoma Technology Center,2638
Southern School District,southernschooldistrictschools
Southern Valley Schools,172
Southfield Public Schools,1651
Southington Public Schools,2466
Southside ISD,874
Southwest ISD,1979
SouthWest Metro Intermediate District 288,1186
Southwest Texas Junior College,1229
Spearman ISD,2303
SPEED S.E.J.A. #802,1213
Splendora ISD,1602
Spring Branch Independent School District,889
Spring Hill ISD,771
Spring Valley Academy,2738
Spring Valley CCSD 99,2223
Springfield Platteview Community Schools,88
Springlake-Earth ISD,2010
SPRINGTOWN ISD,1407
Spur Independent School District,2247
Spurger ISD,1803
St. Anthony-New Brighton,2549
St. Charles Community Schools,1612
St. Cloud Area School District 742,1478
St. Croix Falls School District,1764
St. Croix Preparatory Academy,1778
St. Francis Area Schools,1821
St. Francis School District,2007
St. Johns Public Schools,1654
St. Joseph County ISD,2188
St. Louis Park Public Schools,1820
St. Louis Public Schools,1660
St. Mary's Charter School,2535
St. Paul Public Schools,141
Stafford Municipal School District,1043
Stafford Public Schools,2420
Stamford ISD,1437
Standish-Sterling Community Schools,1124
Stanfield School District,2819
Stanton Community Schools,405
Stanton ISD,2281
Stapleton Public Schools,Stapleton
Starr County Memorial Hospital,3187
Steamboat Springs School District RE-2,1737
STEDY JTED,1762
Stephenville Independent School District,1799
Sterling City ISD,2165
Sterling Public Schools,sterling
Sterling Public Schools,200
Stigler Public Schools,624
Stillwater Area Public Schools,2592
Stillwater Public Schools,2791
Stilwell Public Schools,313
Stockdale ISD,2051
Strasburg School District 31J,2822
Stratford ISD,2307
Streator Elementary School District #44,1501
Sudan Independent School District,2209
Sullivan County Department of Education,561
Sulphur Bluff ISD,1014
Sulphur Public Schools,599
Sulphur Springs Independent School District,1046
Summerland Public School,1418
Summit Hill District 161,1239
Sumner-Eddyville-Miller Schools,189
Sunnybrook School District,2480
Sunnyvale ISD,1000
Sunray ISD,956
Superior Public Schools,204
Sutherland Public School,57
Sutton Public Schools,94
Swan Valley School District,1487
Swartz Creek Community Schools,2437
Sweeny ISD,630
Sweetwater ISD,2294
Sweetwater Public Schools,318
Syracuse USD 494,2669
Syracuse-Dunbar-Avoca Public Schools,461
Taft ISD,645
Tahoka ISD,1956
Tarkington ISD,707
Tatum Independent School District,2254
Taylor ISD,2401
Tazewell-Mason Counties Special Education Association,2704
Teague ISD,1911
Tecumseh Public Schools,2587
Tecumseh Public Schools,Tecumseh
Tejano Center for Community Concerns,2681
Tekamah-Herman Schools,156
Temple College,1891
Temple ISD,853
Tenaha Independent School District,2082
Tennessee School Boards Association,508
Terrell ISD,1294
Test City for Texas,577
Test Manual,1355
Test Non-School Without Settings,1103
Test Non-School Without Settings,1104
Test Regression,2389
Test School for OSSBA (2),2620
Test School for OSSBA (3),2621
Test School for OSSBA (4),2622
Test School Without Settings,1105
Test School Without Settings,1102
tester valley,3182
Texans Can Academies,1952
Texarkana College,1850
Texarkana Independent School District,1913
Texas General Counsel Group,2348
Texas School for The Deaf,2109
Texas Southern University,2066
Texas State University System,1683
Texas Woman's University,1185
Texhoma,3204
Texhoma ISD,1927
Thayer Central Community Schools,thayercentral
The Career Academy,157
The Ehrhart School,2288
Thomas-Fay-Custer Public Schools,1978
Thorndale Independent School District,1847
Thornton Fractional THSD 215,2702
Thrall ISD,1024
Three Rivers Health Department,2658
Three Rivers ISD,1934
Three Rivers School District,796
Three Way ISD,2673
Throckmorton Collegiate ISD,2474
Tidehaven Independent School District,2267
Tioga Independent School District,2805
to be removed Marengo CHSD 154,2795
Tom Bean ISD,2036
Tonganoxie USD 464,2757
Tornillo Independent School District,2199
Town of Benson,1593
Town of Cicero,1372
Town of Emerald Isle,1599
Town of Horizon City,928
Township High School District 214,2567
Trenton Independent School District,1993
Trenton Special School District,547
Tri County Public Schools,TriCounty
Tri-County Schools,2748
Trinity Independent School District,735
Troup ISD,1302
Troy 30-C,1220
Troy Independent School District,907
TSBA OPEB Trust - Board of Trustees,574
Tulia Independent School District,2284
Tullahoma City Schools,554
Tuloso-Midway ISD,643
Tunica County School District,1416
Tupelo Public School District,1648
Tuttle Public School,657
Twin River Public Schools,163
Tyler ISD,1932
Ubah Medical Academy - ISD 4121,1815
Udall USD 463,2765
Umatilla School District,2588
Umatilla-Morrow Head Start,2544
Union,3151
Union City Community Schools,2400
Union City Public Schools,2215
Union Grove ISD,2217
Union Public Schools,Union
Unionville-Sebewaing Area School District,2987
United ISD,2029
United Township High School District 30,1325
Unity School District,2132
University of Houston System,685
USD 333 Concordia Public Schools,2410
USD 417 - Morris County,2990
Utica Community Schools,1321
Uvalde Consolidated Independent School District,1047
Valentine Community Schools,55
Valley Mills ISD,2037
Valley View ISD - Hidalgo County,922
Valley View ISD-Cooke County,1871
Van Alstyne ISD,850
Van Buren ISD,1474
Van Buren Public Schools,2346
Van Independent School District,1879
Van Vleck ISD,742
Vanguard Academy,2827
Vega ISD,2068
Venus Independent School District,636
Veribest ISD,2339
Vernon Independent School District,1442
Vicksburg Community Schools,1649
Vidor Independent School District,1004
Vienna Township,2048
Vigo County Public Library,1950
Village of Dorchester,2753
Village of Kenesaw,2349
Village of Malcolm,villagemalcolm
Village of Maywood,1130
Waco Independent School District,1965
Waconda USD 272,2631
Waconia Public Schools,1513
Waelder ISD,876
Wagner Community School,Wagner
Wagoner Public Schools,Wagoner
Wahoo Public Schools,wahoo
Wakefield Community School,142
Walker-Hackensack-Akeley Schools,1818
Walla Walla Public Schools,997
Walled Lake Consolidated School District,927
Waller ISD,737
Walthall County School Board,1685
Warren County Board of Education,3213
Warren ISD,1991
Washington Community High School,1590
Washington County,WashingtonCountyNE
Washington County School System,918
Washington District 50 Schools,1493
Washington State Convention Center,1361
Waskom ISD,1052
Water Valley ISD,2222
Waterford Union High School,1610
Waterloo CUSD No. 5,1868
Waterville-Elysian-Morristown School District,1222
Watonga Public Schools,358
Waunakee Community School District,1924
Wauneta-Palisade Public Schools,102
Wausa Public Schools,206
Wausau School District,1360
Wauseon Exempted Village Schools,2794
Waverly Community Schools,1086
Waverly School District 145,190
Wawasee Community School Corporation,1912
Waxahachie Independent School District,765
Wayne Community Schools,109
Wayne Public Schools,2518
Wayne School District,1576
Waynoka Public Schools,Waynoka
Wayzata Public Schools,1040
Weatherford Independent School District,992
Weatherford Public Schools,503
Webb CISD,2612
Weber School District,1523
Weeping Water Public Schools,465
Weimar ISD,785
Welch Public Schools,2008
Wellington ISD,2098
Wellington USD 353,2642
Wellman-Union ISD,2040
Wellston Public Schools,2517
WESLACO INDEPENDENT SCHOOL DISTRICT,2555
West Allis-West Milwaukee Schools,1597
West Bonner County School District 83,2136
West Branch - Rose City Area Schools,1480
West Carroll CUSD 314,1253
West Chicago Elementary School District 33,1758
West Hanover Township,1176
West Hardin County CISD,989
West Harvey-Dixmoor School District 147,1691
West Independent School District,821
West Iron Public Schools,2690
West Linn-Wilsonville School District,1543
West Orange-Cove CISD,2102
West Oso ISD,2322
West Ottawa Public Schools,2764
West Point Public Schools,westpoint
West Rusk County Consolidated ISD,2295
West Sabine ISD,1141
Westbrook ISD,2073
Western Heights Public Schools,310
Western School District,1106
Western Technology Center,2526
Westhoff ISD,2828
Weston Public Schools,2468
Westville Public Schools,westville
Westwood Community School District,1650
Westwood Heights Schools,1165
Westwood Independent School District,2047
Wexford-Missaukee ISD,1026
Wharton County Junior College,2052
Wharton ISD,808
White Deer Independent School District,1414
White Oak ISD,2248
White Settlement ISD,1404
Whitebead Public Schools,357
Whitehouse ISD,1841
Whiteriver Unified School District,2032
Whitesboro Independent School District,1601
Whitney Independent School District,2245
Wichita Falls Independent School District,676
Wilber-Clatonia Public School,205
Wilcox-Hildreth Public School,Wilcox-Hildreth
Wildorado ISD,2260
Will County School District 92,1292
Williamson County Schools,566
Williamston Community Schools,1135
Willis ISD,2995
Williston Basin School District #7,2185
Wills Point ISD,873
Wilmington CUSD 209U,1674
Wilson ISD,2779
Wimberley Independent School District,2301
Windom Area Schools,2781
Windsor Public Schools,2419
Windthorst ISD,1118
Win-E-Mac Schools,2811
Winfield School District 34,1425
Wink-Loving ISD,1184
Winnsboro Independent School District,738
Winona ISD,925
Winside Public Schools,winsideschools
Winston Dillard School District,1221
Winters ISD,1415
Wisner-Pilger Public Schools,173
Woden ISD,1800
Wolfe City ISD,1494
Wolsey-Wessington School District,Wolsey-Wessington
Wonewoc-Union Center School District,1449
Wood Dale School District 7,1191
Wood River Rural Schools,192
Woodbridge School District,2455
Woodburn School District,1562
Woodhaven-Brownstown School District,1473
Woodland Public Schools,626
Woodland School District 50,1739
Woodridge School District 68,1790
Woodstock Community Unit School District 200,1277
Woodville ISD,769
Workers' Compensation Self-Insurance Trust,1783
Workforce Solutions Alamo,751
Wrenshall School,2703
WRUSD,893
Wylie Independent School District,2275
Wynnewood Public Schools,528
Yale Public Schools,1235
Yantis ISD,696
Yellow Medicine East ISD 2190,1157
York County,144
Ysleta Independent School District,2312
Yukon Flats School District,2391
Yukon Public Schools,306
Yuma Elementary School District One,2085
Yutan Public Schools,yutan
Zapata County Independent School District,2305
Zion Elementary School District 6,1476
Zionsville Community Schools,2039
