School Name,Index,has_search_index
100-297 HS Grant,3184,True
A+ Charter Schools,2823,True
Abernathy ISD,1111,False
Abilene Independent School District,2274,False
Academy ISD,2299,False
Ada Public Schools,ada,True
Ada-Borup-West School District,2497,True
Adair Public Schools,509,False
Addison Public Library,2676,True
AESA,AESA,True
Agar-Blunt-Onida School District,ABO,True
Agra Public Schools,659,False
Agua Dulce Independent School District,1990,False
Ainsworth Community Schools,415,True
Aitkin Public School District,1530,False
Akron-Fairgrove Schools,1071,False
Alamo Colleges District,679,True
Alamo Heights Independent School District,713,False
Alanson Public School,2674,True
Alba-Golden ISD,1895,False
Albany Area Schools,1812,False
Albert Lea Area Schools,1252,False
Aldine ISD,1722,False
Aledo ISD,871,False
Alex Public Schools,226,True
Alexander Public Schools,2682,True
Alexandria Township School District,2072,False
Algonac Community Schools,1625,False
ALICAP,119,False
Alice ISD,868,True
Alief ISD,770,False
Allen Community College,2650,True
Allen Independent School District,855,True
Alma Public Schools,almaschools,False
Alpena County,1365,False
Alpena-Montmorency-Alcona ESD,2701,True
Alpine ISD,2310,False
Alsea Charter School,2548,True
Altoona-Midway USD 387,3042,True
Alva Public Schools,Alva,False
Alvarado ISD,724,True
Alvin Independent School District,1295,False
Amarillo College,1957,False
Amarillo ISD,1931,False
Amboy CUSD #272,1276,True
Amherst Public Schools,179,False
Amphitheater Public Schools,2065,False
Anadarko Public Schools,Anadarko,True
Anahuac Independent School District,1870,True
Anderson-Shiro CISD,633,True
Andes Central School District,AndesCentral,False
Angelina College,2752,False
Angleton Independent School District,1874,False
Anna Independent School District,849,False
Annawan Public Schools,1608,False
Annette Island School District,1331,False
Anoka-Hennepin School District 11,2720,True
Anselmo-Merna Public School,108,False
Ansley Public School,Ansley,True
Anson ISD,2224,False
Anthony ISD,819,False
Antioch School District 34,1716,False
Anton ISD,2285,False
Aquilla Independent School District,2211,False
Aransas Pass ISD,924,False
Arapahoe-Holbrook Public Schools,418,True
Archer City ISD,2988,True
Ardmore City Schools,Ardmore,False
Argo Community High School District 217,1709,False
Argyle ISD,1395,True
Arkansas Department of Education,1133,False
Arlington Community Schools,563,False
Arlington ISD,2978,False
Arlington Public Schools,146,False
Arp ISD,1862,False
Ashland School District,1537,False
Ashland-Greenwood Public Schools,79,True
Ashley Community Schools,2751,True
Associated School Boards of South Dakota,ASBSD,False
Athens Independent School District,635,True
Atlanta ISD,888,False
Au Gres-Sims School District,1634,False
Aubrey Independent School District,1857,False
Auburn Public Schools,98,False
Aurora Public Schools,421,False
Austin Peay State University,597,True
Austin Public Schools,2516,True
Avery ISD,761,True
Avon-Washington Township Public Library,1161,False
Azle Independent School District,1367,False
Aztec Municipal School District,2121,False
Badger ISD 676,1824,False
Bagley Public Schools,1183,False
Baird ISD,2000,True
Bakken Area Skills Center,2989,True
Baldwin Community Schools,2632,True
Ballinger ISD,2226,False
Balmorhea ISD,2166,False
Bandera Independent School District,1846,False
Bangor Township Schools,1645,False
Banks School District,2613,True
Banner County School,70,False
Bannockburn School District 106,1248,True
Banquete ISD,1705,False
Barbers Hill Independent School District,1110,True
Barnesville Public Schools,1533,True
Bartlesville Public Schools,Bartlesville,False
Bartlett City Schools,553,False
Bartlett ISD,1020,False
Bastrop Independent School District,1914,False
Bath Community Schools,3210,True
Battle Creek Central High School,1167,False
Battle Creek Public Schools,2646,True
Bay City ISD,2101,False
Bayard Public Schools,93,False
Bay-Arenac ISD,909,True
Beatrice Public Schools,82,False
Beaumont ISD,748,True
Beaverton School District,1443,True
BECKER PUBLIC SCHOOLS,1475,False
Beckville ISD,1964,False
Bedford County Schools,544,False
Bedford Public Schools,1618,False
Beeville ISD,2183,True
Belcourt School District #7,2815,True
Belding Area Schools,1062,False
Belle Plaine Public Schools,1400,False
Bellevue Public Schools,60,False
Bells ISD,2225,False
Bellville ISD,2334,False
Belmond-Klemme CSD,1344,False
Beloit Schools USD 273,2730,True
Belton Independent School District,1873,False
Ben Bolt - Palito Blanco ISD,2197,True
Benavides ISD,2230,False
Bend-La Pine Schools,2413,True
Benjamin School District 25,1192,False
Bennington Public Schools,bennington,True
Benson Public Schools ISD #777,1584,False
Benzie Central Schools,2367,True
Bernalillo Public Schools,2111,False
Berrien RESA,1635,False
Berrien Springs Public Schools,1327,False
Berryhill Public Schools,2981,True
Bertrand Community School,182,True
Berwyn North School District 98,1719,False
Berwyn South School District 100,1287,False
Bethalto CUSD #8,1329,False
Bethany Public Schools,2725,True
Bethel Board of Education,2425,True
Bethel Public School,333,False
Big Lake Schools,1761,False
Big Sandy ISD - Polk County,2347,False
Big Sandy ISD-Upshur County,1918,False
Big Spring Independent School District,723,False
Billings Public Schools,2479,False
Birch Run Area Schools,1627,False
Birdville Independent School District,2178,False
Bishop,3203,True
Bishop Consolidated Independent School District,2297,False
Bismarck-Henning CUSD #1,1718,False
Bismarck-Henning/Rossville-Alvin Cooperative High School,1963,False
Bixby Public Schools Administration Building,Bixby,False
Blachly School District,2514,True
Blackwell Consolidated Independent School District,2113,False
Blair Community Schools,134,False
Blanchard Public Schools,595,False
Blanco ISD,1855,False
Bland ISD,2075,False
Blinn College - Brenham Regular,1319,False
Bloomburg Independent School District,2233,False
Bloomfield Community Schools,424,True
Bloomfield Public Schools,2463,True
Blooming Grove ISD,1348,False
Bloomingdale Public Schools,3205,True
Bloomingdale School District 13,1261,False
Bloomington Independent School District,959,False
Blue Hill Community Schools,423,True
Blue Ridge CUSD #18,1708,False
Blue Ridge ISD,845,False
Bluff Dale ISD,2721,True
Blum ISD,2351,False
Boerne Independent School District,1350,False
Boise City Public Schools,BoiseCity,True
BOLD Public Schools,3004,True
Boles ISD,1301,False
Bonham ISD,866,True
Bonneville Joint School District 93,1349,False
Boone Central Schools,103,False
Borden County ISD,1296,False
Borger ISD,904,True
Boscobel Area Schools,2023,False
Bosqueville ISD,1003,False
Bowie Independent School District,878,False
"Bowie-Cass Electric Cooperative, Inc.",830,False
Box Elder School District,1575,False
Boyceville Community School District,1606,False
Boyd ISD,1611,False
Boyne City Public Schools,965,True
Boys Ranch ISD,697,False
Brackett ISD,1723,False
Bradley County Schools,559,False
Brady Public Schools,78,False
Brandon School District,1633,False
Brandywine Community Schools,1034,False
Brazosport College,1854,False
Brazosport Independent School District,877,False
Breckenridge ISD,1647,True
Breckenridge Public Schools 846,1745,False
Brenham ISD,1856,False
Bridge City Independent School District,905,True
Bridge Creek Public Schools,530,True
Bridgeport ISD,647,True
Bridgeport Public Schools,2756,True
Bridgman Public Schools,1060,True
Brighton Area Schools,2615,True
Bristol Bay Borough School District,2140,False
Bristol Public Schools,2447,True
Broaddus ISD,2228,False
Brock ISD,803,True
Broken Bow Public Schools,147,False
Brookfield-LaGrange Park School District 95,1715,False
Brookings-Harbor School District 17C,1563,False
Brooklyn Center Schools,1769,False
Brooks,2026,False
Brooks County ISD,2016,False
Brookwood School District 167,1714,False
Brownfield ISD,674,True
Browning Public Schools,2060,False
Brownsboro ISD,1273,False
Brownsville ISD,2175,False
Brownwood Independent School District,988,False
Brush School District,3188,True
Bryan Independent School District,2246,False
BSSD - Unalakleet,2110,False
Buckholts Independent School District,2350,True
Buckley Schools,2599,True
Buena Vista ISD,712,True
Buffalo ISD,2545,True
Buffalo-Hanover-Montrose Schools,1209,False
Bullard Independent School District,2490,False
Buna Independent School District,820,False
Burkburnett Independent School District,1896,False
Burkeville ISD,1892,False
Burleson ISD,1384,False
Burlington Public Schools,burlington,False
Burlington USD #244,3199,True
BURNET CONSOLIDATED I.S.D.,1041,True
Burnham School District 154.5,2694,True
Burnsville-Eagan-Savage ISD 191,1113,False
Burton ISD,2593,True
Bushland ISD,1767,False
Byng Public Schools,364,False
Bynum ISD,2116,False
Byron Area Schools,1428,False
Byron Center Public Schools,930,True
C.O.O.R. Intermediate School District,1970,True
Cache Public Schools,224,False
Caddo Kiowa Technology Center,623,False
Caddo Mills ISD,669,True
Cahokia Unit School District 187,1497,False
Calallen ISD,934,True
Caldwell ISD,680,True
Calhoun County ISD,2207,False
Calhoun Intermediate School District,Calhoun,True
Callaway Public Schools,callaway,True
Callisburg ISD,2750,True
Cambridge-Isanti Schools,1122,True
Cameron ISD,1226,False
Canadian ISD,789,False
Cannon Valley Special Education Cooperative,1036,False
Canton ISD,2194,False
Canton Public Schools,501,False
Canton Union School District #66,1679,False
Canutillo ISD,864,True
Canyon ISD,788,True
Canyon-Owyhee School Service Agency,2093,False
Capitan Municipal Schools,1345,False
Carbon Cliff - Barstow School District 36,1712,False
Carlinville CUSD #1,1720,False
Carlisle ISD,762,False
Carlsbad Municipal Schools,2103,False
Carmel Clay Public Library,1885,False
Carrizo Springs C.I.S.D.,861,False
Carrollton Public Schools,2522,True
Carrollton-Farmers Branch ISD,631,True
Carson City-Crystal Area Schools,1068,False
Carthage ISD,1182,False
CASB Test School District,3084,True
Cascade School District #5,1572,True
Cass City Public Schools,2996,True
Castleberry Independent School District,1090,False
Catalina Foothills School District,1202,False
"CAVIAT (Coconino Association for Vocations, Industry and Technology)",1117,False
CCSD 89,1409,False
Cedar Hill ISD,1600,True
Cedar Mountain Schools - District 2754,2796,True
Cedar Springs Public Schools,1484,False
Celeste ISD,1411,False
Celina Independent School District,758,False
Centennial ISD 12,1528,False
Centennial Public School,84,False
Centennial School District,1561,False
Center Cass School District 66,1490,False
Center ISD,651,False
Center Point ISD,1923,False
Central Appraisal District of Taylor County,3190,True
Central Arizona Valley Institute of Technology,1801,True
Central Community College,CCC,True
Central CUSD 301,1311,True
Central Heights Independent School District,1517,False
Central High Public Schools,2176,True
Central ISD,2291,False
Central Point School District 6,1553,False
Central Public Schools,2403,True
Central School District 104,1243,True
Central School District 51,1507,False
Centreville Public Schools,1989,False
Centura Public Schools,centura,False
Century School District 100,2790,True
CESA 2,620,False
Channelview ISD,791,False
Chanute Public Schools USD 413,2345,False
Chapel Hill ISD -Titus County,1760,False
Chapel Hill ISD-Smith County,1759,False
Charlevoix-Emmet ISD,2499,True
Charlotte Public Schools,1031,False
Chase County Schools,111,False
Chatham School District,2647,True
Cheatham County Board of Education,cheathamcountyschools,True
Cheboygan Area Schools,3215,True
Chelsea School District,911,False
Cherokee Independent School District,1583,False
Cherokee Indian Hospital,2148,False
Chester ISD,2687,True
Cheylin USD 103,2572,True
Chickasha Public Schools,1910,True
Chico ISD,2255,False
Childress ISD,2242,False
Chilton ISD,1853,False
China Spring ISD,2238,False
Chisago Lakes School District 2144,1066,False
Chisholm Public Schools,617,False
Chisholm School District,840,False
Chisum ISD,2316,False
Chouteau-Mazie Public Schools,783,False
Christoval ISD,1754,False
Chugach School District,2598,True
Churchill County School District,1197,False
Cicero School District 99,1488,False
Cimarron Public School,2553,True
City of Auburn,2737,True
City of Bayard,170,False
City of Beatrice,Beatrice,False
City of Bellevue,Bellevue,False
City of Bennet,2724,True
City of Blair,Blair,True
City of Blue Hill,bluehill,True
City of Chadron,2736,True
City of Columbus,171,True
City of David City,1969,True
City of Fort Calhoun,fortcalhoun,True
City of Franklin,Franklin,True
City of Friend,Friend,True
City of Friona,2824,True
City of Gibbon,167,False
City of Gretna,Gretna,False
City of Hayden,2366,True
City of Hermantown,2639,True
City of Hickman,131,False
City of Imperial,Imperial,True
City of Karnes City,3006,True
City of Madison,2570,True
City of McCook,208,False
City of Ouray,2503,True
City of Seward,Seward,True
City of St. Paul,178,False
City of Stewartville,2080,False
City of Valley,2360,True
City of Wahoo,citywahoo,True
City of Wakefield,2560,True
City of Wakefield,Wakefield,True
City of Watford,2633,True
City of Waverly,Waverly,True
City of Waverly,694,False
City of York,169,False
City School District,581,True
City View ISD,2280,False
Clackamas Community College,1412,False
Clackamas Education Service District,1547,False
Clarksville ISD,731,True
Claude ISD,1169,False
Clayton School District,2057,False
Clear Creek ISD,1940,False
Cleburne Independent School District,1684,True
Cleveland City Schools,543,False
Cleveland ISD,1682,False
Cleveland Public School,2475,True
Clifton ISD,2177,False
Climax-Scotts Community Schools,2506,True
Climax-Shelly ISD 592,1831,False
Clint Independent School District,919,False
Clinton Community Schools,3191,True
Clinton County RESA,2714,True
Clinton Public Schools,2467,True
Clinton Public Schools,Clinton,True
Clio Area Schools,1481,False
Cloquet Public Schools,1149,False
Cloud County Community College,2656,True
Clyde CISD,661,False
Coahoma ISD,984,False
Coastal Bend College,2027,True
Coldspring-Oakhurst CISD,672,False
College of Lake County,2575,True
College of the Mainland,2271,False
Collierville Schools,564,False
Collin College,1010,False
Collinsville CUSD #10,1231,True
Collinsville ISD,2262,False
Collinsville Public Schools,Collinsville,False
Colorado Association of School Boards,casb,False
Colorado Association of School Boards,3185,True
Colorado ISD,2243,False
Columbia - Brazoria ISD,1290,False
Columbia Heights Public Schools,1211,False
Columbus Independent School District,1798,False
Columbus Public Schools,71,False
Comal ISD,1083,False
Comanche ISD,664,False
Comfort ISD,652,True
Commerce ISD,1127,False
Community Consolidated School District 180,1514,False
Community Consolidated School District 59,2677,True
Community Consolidated School District 93,1266,True
Community High School District 218,1717,False
Community High School District 94,1499,True
Community ISD,1208,False
Community Unit School District 300,1453,False
Como-Pickton CISD,2314,False
Comstock Public Schools,1037,True
Concept Schools - Horizon Science Academy Twin Cities,2626,True
Concept Schools - Minnesota Math and Science Academy,2355,True
Concord Community Schools,1623,False
Conestoga Public Schools,435,True
Connally ISD,690,False
Constantine Public Schools,2392,True
Consumer Bankers Association,2031,False
Cook County School District 104,1792,False
Cooper ISD,2277,False
Coppell Independent School District,1721,False
Copper Country ISD,2693,True
Copperas Cove Independent School District,665,True
Corbett School District,1554,True
Cordova School District,2046,True
CORPUS CHRISTI INDEPENDENT SCHOOL DISTRICT,898,False
Corrigan-Camden ISD,1701,False
Corsicana Independent School District,642,True
Corunna Public Schools,1522,False
Corvallis School District 509J,1216,True
Cotulla ISD,638,True
County School District,582,True
County School District 2,618,True
County School District 3,2596,True
County School District TEST,2722,True
Coupland Independent School District,2708,True
Coventry Board of Education,2424,True
Covert Public Schools,1506,False
Covington ISD,1930,False
Cozad Community Schools,148,False
Craig City School District,1845,False
Crandall ISD,2100,False
Crane Independent School District,2491,True
Cranfills Gap ISD,1866,False
Crawford ISD,2983,True
Creek Valley Public Schools,438,True
Creighton Public Schools,436,True
Crescent Public Schools,2691,True
Crestwood School District,1521,False
Creswell School District,1558,False
Crete City Council,77,False
Crete Public Schools,439,True
Crete-Monee Board of Education,1408,False
Crockett County Consolidated Common School District,857,False
Crockett Independent School District,891,False
Crofton Community Schools,croftonschools,False
Cromwell-Wright School,1822,False
Crook County School District,1863,True
Crosby ISD,1018,False
Crosby-Ironton ISD #182,1067,False
Crosbyton CISD,972,False
Cross County Community Schools,145,False
Cross Plains ISD,2668,True
Cross Roads Independent School District,2096,False
Crosslake Community Schools,978,False
Crowell ISD,655,True
Crutcho Public Schools,Crutcho,False
Crystal City Independent School District,1587,True
Cuero Independent School District,718,False
Culberson County - Allamoore ISD,2249,False
Cumberland County Schools,536,True
Cumby ISD,2114,False
Cunningham - West Kingman County USD 332,2709,True
Cushing Public Schools,2496,True
Cypress-Fairbanks ISD,668,False
D.C. Everest Area School District,1315,False
Daingerfield-Lone Star ISD,986,False
Dakota Community Unit District 201,1495,False
Dale Public Schools,2686,True
Dalhart ISD,1129,False
Dallas School District,2353,True
Damon Independent School District,1945,False
Danbury Independent School District,944,False
Danville CCSD 118,1734,False
Darien Public Schools District #61,2826,False
Darion Test,1366,True
Darlington Community School District,1581,True
Darrouzett ISD,1916,False
David City Public Schools,96,False
Davis Public Schools,355,True
Davis School District,914,True
Dawson-Boyd Public Schools,2573,True
Dayton Independent School District,639,True
Decatur ISD,648,True
Deer Creek Public Schools,2818,True
Deer River Schools ISD 317,2476,True
Deerfield Public School District 109,1747,True
DeKalb ISD,892,False
Del Valle ISD,675,False
Delano Public Schools,1338,False
Dell City Independent School District,1300,False
Delta College,1632,False
Demo - Harper College,3209,True
Demo - Litchfield Community District 12,2625,True
Denison ISD,774,False
Denison Public Schools,1393,False
Denton ISD,949,True
Denver City Independent School District,1942,False
Derby Public Schools,2426,True
DeSoto Independent School District,947,False
Detroit ISD,1724,False
Detroit Lakes Public Schools,2364,True
Devers ISD,745,True
Devine ISD,955,False
Dew ISD,1865,False
Deweyville ISD,746,False
DeWitt Public Schools,1616,False
D'Hanis Independent School District,990,False
Diamond Lake School District 76,1733,False
Diboll ISD,2232,False
Dickinson Independent School District,2257,False
Dickinson-Iron Intermediate School District,1100,False
Dickson County Schools,2999,False
Diller-Odell Public Schools,181,False
Dilley Independent School District,852,False
Dillingham City School District,1775,False
Dime Box ISD,773,True
Divide ISD,2485,True
Dixon Public Schools #170,1258,False
Document Only Test #2,1382,True
Document Only Test School,1143,True
Dolores County School District RE-2J,3192,True
Dolton School District 149,2571,True
Doniphan-Trumbull Public School,153,False
Donna Independent School District,1299,False
Dorchester Public Schools,121,False
Doss CCSD,1354,False
Douglas County School District,1502,False
Douglas County West Community School,114,True
Douglas Education Service District,1551,False
Douglas School District 51-1,douglas,True
Douglass ISD,2252,False
DRIPPING SPRINGS INDEPENDENT SCHOOL DISTRICT,634,True
Driscoll ISD,1438,False
Drumright Public Schools,2614,True
Dublin Independent School District,865,False
Duchesne County School District,1429,False
Duluth Public Schools,963,True
Dumas Independent School District,1196,False
Duncan Public Schools,600,False
Duncanville ISD,858,False
Dundee Community Schools,1093,False
Dundy County Stratton Schools,177,False
Dunlap School District 323,1250,False
DuPage Area Occupational Education System,1727,False
DuPage High School District 88,1320,False
Dupo CUSD 196,1741,False
Durand Area Schools,1097,False
Eagle Mountain-Saginaw ISD,1017,False
Eagle Pass ISD,2009,False
Eagle Point School District 9,1542,False
Early ISD,2033,False
East Aurora School District 131,1665,True
East Butler Public Schools,158,False
East Chambers ISD,715,False
East China School District,2609,True
East Grand Forks Public Schools,1524,False
East Lansing Public Schools,1629,True
East Mississippi Community College,2651,True
East Moline School District 37,1688,False
East Mountain High School,2279,False
Eastern Carver County Schools,1159,False
Eastern Oklahoma County Technology Center,3186,True
Eastern Upper Peninsula Intermediate School District,2786,True
Eastpointe Community Schools,1944,False
Eaton RESA,1639,False
ECHO Joint Agreement,1749,False
Ector County Independent School District,1406,True
Ector ISD,2492,True
Edcouch-Elsa ISD,1455,False
Eddyville Charter School,2821,True
Eden Valley-Watkins Schools,1816,False
Edgewood ISD-Bexar County,844,True
Edgewood ISD-Van Zandt County,1298,True
Edina Public Schools,2636,True
Edinburg Community Unit School District #4,1750,False
Edinburg Consolidated Independent School District,1044,False
Edna ISD,1614,False
Education Service Center Region 13,1949,False
"Education Service Center, Region 20",1988,True
Effingham Community Schools,1670,False
El Campo Independent School District,901,True
Elba Public Schools,441,True
Electra Independent School District,2552,True
Elgin Independent School District,Elgin,False
Elizabethton City Schools,594,True
Elk City Public Schools,326,False
Elk Rapids Schools,2387,True
Elkhart ISD,1307,True
Elkhorn Valley Schools,408,True
Elm Creek Public Schools,140,False
Eloy Elementary,2034,False
Elysian Fields ISD,2644,True
Emerson-Hubbard Public Schools,Emerson-Hubbard,True
Empire Public Schools,2494,True
Enid Public Schools,Enid,True
Ennis ISD,862,True
Epic Charter School,2685,True
Era ISD,846,False
Española Public Schools District #55,2123,False
Estacada School District,1566,False
Estancia Municipal Schools,2064,False
ESU 01,467,True
ESU 03,52,False
ESU 06,471,True
ESU 07,161,False
ESU 08,379,True
ESU 13,469,True
ESU 15,220,False
ESU 16,374,True
ESUCC,132,False
Eufaula Public Schools,2637,True
Eugene School District 4J,1549,True
Eureka USD 389,2660,True
Eustace ISD,722,True
Evadale ISD,2044,False
Evanston Township High School District 202,1479,False
Evanston/Skokie School District 65,1247,True
Evansville Vanderburgh Public Library,2017,False
Evant ISD,1843,False
Evergreen Park Elementary SD124,1748,False
Everman ISD,1454,False
Fabens ISD,1346,False
Fairbury Public Schools,75,False
Fairfield ISD,695,False
Faith Family Academy,2407,True
Falls City ISD,1937,False
FALLS Education CO-OP,1291,False
Faribault Public Schools,1125,False
Farmersville ISD,1008,False
Farmington Municipal Schools,1154,False
Farmington Public Schools,1087,False
Fayetteville Independent School District,1064,False
FENTON COMMUNITY HIGH SCHOOL DISTRICT 100,1427,False
Fern Ridge SD 28J,1535,True
Ferndale Public Schools,1323,False
Ferris ISD,2326,False
Fillmore Central Public Schools,180,False
Fillmore County,FillmoreCounty,False
First 5 LA,2038,True
First 5 Riverside,2119,True
Flat Rock Community Schools,1609,False
Flatonia ISD,1774,False
Flint Community Schools,1324,False
Flinthills USD 492,2603,True
Floodwood School District #698,1132,False
Florence Independent School District,677,False
Floresville ISD,1706,False
Flour Bluff Independent School District,1439,True
Flowing Wells Schools,1607,False
Floydada Collegiate ISD,2287,False
Foley ISD 51,1823,False
Follett ISD,2021,False
Forest Grove School District,3194,True
Forest Hills Public Schools,691,False
Forest Lake Area Schools,1059,False
Forney ISD,637,True
Forrest County School District,1740,False
Forrestville Valley School District 221,1249,False
Forsan ISD,834,False
Fort Bend Independent School District,649,False
Fort Calhoun Community Schools,151,False
Fort Cherry School District,2141,False
Fort Elliott CISD,2803,True
Fort Gibson Public Schools,fortgibson,True
Fort Hancock Independent School District,2300,False
Fort Sam Houston ISD,1984,False
Fort Smith Public Schools,1150,False
Fort Worth ISD,733,True
Four Rivers Special Education District,2001,False
Frank Phillips College,2308,False
Frankfort CUSD 168,1726,False
Franklin Public Schools,95,False
Franklin Special School District,568,False
FRANKSTON ISD,2208,False
Fraser Public Schools,1115,False
"Frazee-Vergas Public Schools, ISD 23",1088,False
Frederic School District,2070,False
Fredericksburg ISD,825,True
Freeland Community School District,1317,False
Freeman Public Schools,197,True
Freer ISD,1001,False
Fremont Public Schools,199,False
Fremont School District No. 79,1732,False
Fridley Public Schools,1114,False
Friend Public Schools,185,False
Friends Board of Trustees,533,True
Friendship Public Charter School,2126,False
Friona ISD,1262,False
Frisco ISD,2014,False
Frontier Public Schools,2471,True
Frost ISD,2331,False
Fruitport Community Schools,2482,True
Fruitvale ISD,1938,False
Gail Borden Public Library District,1426,True
Gainesville ISD,2214,False
Galena City School District,2586,True
Galena Park ISD,1860,False
Galveston College,1505,False
Galveston Independent School District,1941,True
Ganado ISD,2306,False
Gans Public School,2717,True
Garber Public Schools,2541,True
Garden City Public Schools USD 457,2712,True
Garland Independent School District,1084,True
Garner ISD,730,True
Garrison ISD,2055,True
Gary ISD,884,False
Gatesville ISD,910,True
Gavin School District 37,1251,False
Gaylord Community Schools,913,True
Geneva CUSD 304,1667,True
Georgetown ISD,966,False
Georgetown-Ridge Farm Unit No.4,1731,False
Gering Public Schools,gering,True
Germantown Municipal School District,557,True
Gibson County Special School District,569,False
Giddings ISD,710,True
Gilmer ISD,1768,False
Giltner Public Schools,386,True
Gladewater Independent School District,2202,False
Glasscock County ISD,1363,False
Glastonbury Public Schools,2417,True
Glen Ellyn School District 41,1309,True
Glen Rose Independent School District,732,False
Glenbard Township High School Dist #87,1729,False
Glencoe Public Library,1234,False
Godley ISD,2605,False
Gogebic Ontonagon Intermediate School District,2747,True
Goldendale School District,780,False
Goldthwaite CISD,881,False
Goliad ISD,2600,True
Gonzales Independent School District,950,False
Goodhue County Education District,971,True
Goodwell Public Schools,2533,True
Goodwill Central Texas/Excel,2502,True
Goose Creek CISD,1195,False
Gordon ISD,1081,False
Gordon-Rushville School,385,True
Gothenburg Public Schools,164,False
GPM Life Insurance,2393,True
Grady ISD,987,False
Graham ISD,800,False
Granbury ISD,772,False
Granby Public Schools,2427,True
Grand Island Public Schools,63,False
Grand Prairie Independent School District,948,False
Grand Saline ISD,824,False
Grand View Public Schools,3129,True
Grandfalls-Royalty Independent School District,3189,True
Grandfield Public Schools,2508,True
Grandview ISD,1755,False
Grandville Public Schools,3041,True
Granger ISD,1848,False
Granite School District,2744,True
Grant Community High School District 124,1751,False
Granton Area School District,2168,True
Grape Creek ISD,734,True
Grapevine-Colleyville ISD,1198,True
Gratiot County Courthouse,1371,True
Grayslake CHSD 127,1736,True
Grayson College,1233,False
Greasewood Springs Community Schools,763,False
Great Plains Technology Center,529,False
Greater Albany School District 8J,2005,True
Greenbush Middle River ISD 2683,1219,False
Greeneville City Schools,gcschools,True
Greenville Electric Utility System (GEUS),682,False
Greenville ISD,1948,False
Greenwood Independent School District,729,False
Gregory-Portland ISD,1396,False
Gresham-Barlow School District,3214,True
Groesbeck ISD,670,False
Groom Independent School District,1884,False
Grosse Ile Township Schools,1334,False
Grove Public Schools,Grove,False
Gull Lake Community Schools,1057,True
Gunter ISD,1238,False
Gurnee School District 56,1244,False
Gustine ISD,2784,True
Guymon Public Schools,272,False
Hale Center ISD,2278,False
Hallettsville ISD,2193,False
Hallsville ISD,1976,False
Hamilton Community Schools,1630,True
Hamilton County Department of Education,571,True
Hamilton ISD,951,False
Hamlin Collegiate ISD,917,False
Hamshire-Fannett ISD,792,False
Hancock County School District,2645,True
Happy ISD,2251,False
Harbor Springs Public Schools,1180,False
Hardin ISD,1123,False
Hardin-Jefferson ISD,952,False
Harlandale ISD,1981,False
Harlem Consolidated School District,1725,True
Harleton Independent School District,1864,False
Harlingen Consolidated Independent School District,1015,False
Harmony ISD,942,False
Harper Creek Community Schools,1420,False
Harper Woods School District,1638,False
Harrah Public Schools,Harrah,False
Harrison County School Board,2161,False
Harrison School District 36,1264,False
Hart Public Schools,1028,False
Harts Bluff ISD,937,False
Harvard CUSD 50,1227,False
Harvey School District 152,1735,False
Haskell CISD,2723,True
Haskell Public Schools,329,False
Hastings Public Schools,hastingsschools,False
Hastings Public Schools,931,False
Hawkins Independent School District,678,False
Haworth Public Schools,2411,False
Hayes Center Public Schools,133,False
Hays CISD,1858,False
Haywood County Schools,558,False
Hazel Crest School District 152 1/2,1401,False
Hazel Park Schools,1527,False
Hearne ISD,2705,True
Heart of Texas Behavioral Health Network,3207,True
Heartland Community Schools,heartland,False
Hedley Independent School District,2684,True
Helix School District,2585,True
Help Partner,help,True
Hemingford Public Schools,Hemingford,False
Hemphill ISD,2578,True
Hempstead Independent School District,2241,False
Henderson ISD,958,False
Hennessey Public School,366,False
Henrietta ISD,755,False
Hereford ISD,2218,False
Hermantown Community Schools,2711,True
Hermiston School District,1544,True
Hershey Public Schools,58,False
Hickman County Schools,562,False
Hico ISD,656,True
Hidalgo ISD,2062,False
High Plains Community Schools,74,False
Highland ISD,1398,False
Highland Park ISD- Dallas County,2024,True
Highland Park ISD-Potter County,935,False
Hill City School,1074,True
Hill College,1013,False
Hill County SSA,2106,False
Hilldale Public Schools,Hilldale,False
Hillsboro ISD,953,False
Hillsboro School District 1J,1540,False
Hillsdale County ISD,1101,False
Hinckley-Big Rock CUSD No.429,1228,False
Hitchcock ISD,1009,False
Holbrook Unified School District 3,1359,False
Holdrege Public Schools,51,False
Holland ISD,2290,False
Holland Township School,1928,False
Hollandale School District,2384,False
Holliday Independent School District,1881,False
Holly Area Schools,1471,True
Holmes County Consolidated School District,974,False
Homedale Jt. School District 370,2069,False
Homer CCSD 33C,1742,False
Homer Community School,472,True
Hondo Independent School District,640,True
Honey Grove I.S.D.,1224,False
Hooks ISD,2309,False
Horizon Montessori Public Schools,2035,False
Houghton Lake Community Schools,1030,False
House Municipal Schools,2760,True
Houston Community College,3045,True
Howard College,1861,False
Howell Public Schools,1421,False
HTRS Public Schools,184,False
Hubbard ISD - Hill County,2013,True
Huckabay ISD,975,False
Hudson ISD,1672,False
Huffman ISD,2641,True
Hugo Public Schools,2813,True
Humboldt City School District,565,False
Huntington ISD,946,False
Huntley Community School District 158,1422,True
Huntsville ISD,736,False
Huron Intermediate School District,961,False
Hutto ISD,749,True
Hydaburg City School District,1529,False
Idabel Public Schools,341,True
Idalou ISD,2327,False
Iditarod Area School District,2697,True
Illini Central CUSD #189,701,False
Illinois Eastern Community Colleges,2652,True
Illinois School District Agency,1730,False
Imlay City Community Schools,941,False
Independent School District #272 Eden Prairie Schools,1589,False
Independent School District #361,1332,False
Independent School District 31,1297,False
Independent School District 316,1817,False
Independent School District 748,1516,True
Independent School District 761,1055,False
Independent School District No. 465,1692,False
Ingham Intermediate School District,1274,False
Ingleside ISD,787,False
Inola Public Schools,319,False
Interlocal Health Benefits Committee,IHBC,True
Intermediate District 287,1201,False
Intermediate School District 917,1033,False
Ionia County Intermediate School District,1181,False
Ionia Public Schools,1626,False
Iowa Park CISD,2788,True
Ira ISD,1440,False
Iron Mountain Public Schools,2749,True
Irving Independent School District,828,True
Isanti Community School,Santee,False
ISD #186 - Pequot Lakes Public Schools,1743,False
ISD #696 - Ely Public Schools,1352,True
ISD 199 Inver Grove Heights Schools,1694,False
ISD 279 - Osseo Area Schools,2519,True
ISD 640-Wabasso Public Schools,1696,False
Italy Independent School District,2171,False
Itasca Independent School District,835,False
Itasca School District #10,1744,True
J. Sterling Morton High School District 201,1387,False
Jackson County School District,1999,True
Jackson Local Schools,778,False
Jackson-Madison County School System,572,False
Jacksonville ISD,1207,False
Jacksonville School District #117,1241,True
Jarrell ISD,1933,True
Jasper ISD,2063,False
Jayton-Girard ISD,2477,False
Jefferson Independent School District,982,False
Jemez Valley Public Schools,2124,False
Jenison Public Schools,1644,False
Jesse's Regression Test Organization,2388,True
Jim Hogg County ISD,2328,False
Jim Ned Consolidated Independent School District,1441,False
Johnson City Schools,556,False
Johnson County Central Public Schools,118,False
Joliet Township High School District 204,1212,False
Jones Public Schools,342,True
Jonesboro Elementary School District 43,2523,True
Joppa - Maple Grove Unit District #38,2825,True
Jordan School District #717,1773,False
Joseph City Unified School District,894,True
Joshua Independent School District,759,False
Jourdanton Independent School District,1836,False
Juab School District,1500,False
Judson ISD,1434,True
Junction Independent School District,753,True
Justus-Tiawah,1943,True
Kalamazoo RESA,1619,False
Kaleva Norman Dickson School District / Bear Lake Schools,2092,False
Kansas School Board Association,Kansas,True
Karnack ISD,3197,True
Karnes City ISD,977,False
Kaufman Independent School District,2293,True
Kearney Public Schools,73,True
Keene ISD,1849,False
Keeneyville School District 20,1389,False
Keller Independent School District,2320,True
Kelton ISD,2321,False
Kemp Independent School District,2338,False
Kenedy County-Wide Common School District,2201,False
Kenedy ISD-Karnes County,1746,False
Kenesaw Public Schools,kenesawschools,False
Kennard ISD,1676,False
Kennedale Independent School District,2219,False
Kenosha Unified School District,2131,False
Kent ISD,2589,True
Kentucky State Board of Licensure for Professional Engineers,1753,False
Kenyon Wanamingo Schools,1811,False
Kerens Independent School District,897,True
Kermit ISD,2213,False
Kerrville Independent School District,684,False
Ketchum Public Schools,2577,True
Kewaunee School District,2139,False
Keya Paha County Schools,127,False
Kildeer Countryside School District 96,2806,True
Kilgore College,1011,False
Kilgore College Foundation,2538,True
Kilgore ISD,920,False
Killdeer Public School,2623,True
Killeen Independent School District,1051,True
Killingly Public Schools,2428,True
Kimball Public Schools,388,True
King County Library System,2778,True
Kingman USD #20,2802,True
Kingsley Area Schools,2354,True
Kingsport City Schools,kcs,True
Kingsville ISD,2237,False
Kirbyville CISD,954,False
Kittson Central School District,3193,True
Klamath County School District,1570,False
Klamath Falls City Schools,1567,False
Klein Independent School District,921,True
KMS Public School,709,False
Komarek School District 94,1230,False
Kountze ISD,1403,False
Krum ISD,717,True
LA FERIA INDEPENDENT SCHOOL DISTRICT,1835,False
La Grange Independent School District,766,False
La Porte Independent School District,767,True
La Pryor ISD,960,True
La Vega ISD,870,False
La Vernia ISD,1470,False
La Villa ISD,1962,False
Lackland ISD,1983,False
LaCrosse Public Schools USD 395,2649,True
Lafayette School Corporation,1838,True
Laguna Department of Education,1520,False
Lake and Peninsula School District,1232,False
Lake Bluff School District 65,1265,False
Lake County School District 7,1557,False
Lake Crystal Wellcome Memorial Schools,1690,False
Lake Dallas Independent School District,859,False
Lake Orion Community Schools,1518,False
Lake Pend Oreille School District #84,2582,True
Lake Ridge Schools,2056,False
Lake Shore Public Schools,1620,False
Lake Travis Independent School District,900,True
Lake Villa School District 41,1255,False
Lake Worth ISD,842,False
Lakeland Joint School District No. 272,2129,True
Lakeland School System,lakelandk12,True
Lakeshore Public Schools,1617,False
Lakeview Community Schools,1070,False
Lakeview Community Schools,Lakeview,False
Lakeview Public Schools,1089,False
Lakeville District Schools,1160,False
Lakeway MUD,698,True
Lakewood Public Schools,902,True
Lamar CISD,2273,True
Lamar County School District,782,False
Lamesa ISD,686,True
Lampasas Independent School District,1901,False
Lancaster ISD,743,True
Lane Education Service District,1565,False
Lansing School District,1579,False
Lapeer Community Schools,993,False
Laporte Public Schools #306,1134,False
LaPoynor ISD,700,False
Laredo College,2181,False
Laredo Independent School District,2520,False
Lasara Independent School District,2296,False
Latexo Independent School District,2196,False
Latta Public Schools,2785,True
Lauderdale County Department of Education,545,False
Laurel-Concord-Coleridge School,104,False
Lawrence-Nelson Public Schools,lawrence-nelson,True
Lawton - Fort Sill Chamber,3159,True
Lawton Chamber of Commerce,2561,False
Lawton Community Schools,1622,False
Lawton Public Schools,328,True
Le Sueur-Henderson Public Schools,1666,True
Leakey ISD,706,True
Leander ISD,795,True
Learning Community of Douglas & Sarpy Counties,389,True
Lee College,747,True
Lee County Schools,985,False
Lefors ISD,973,False
Leland Public School,2817,True
Lemont High School District 210,1271,False
Leon ISD,1996,False
Leroy-Gridley USD 245,2648,True
Lester Prairie Schools,2562,True
Levelland ISD,2283,False
Lewis County Schools,2780,True
Lewiston-Altura Public Schools,2341,True
Lewisville Independent School District,1194,True
Lexington ISD,1257,False
Lexington Public Schools,48,False
Leyden High School District 212,1259,False
Leyton Public Schools,495,True
Liberty Hill ISD,929,False
Liberty Independent School District,725,True
Liberty-Eylau ISD,822,False
Libertyville Elementary District 70,1784,False
Lincoln County School District,2565,True
Lincoln ESD 156,2505,True
Lincoln Public Schools,89,False
Lincolnshire-Prairie View School District 103,1204,False
Lincolnwood District 74,1270,False
Lindale ISD,2191,False
Linden-Kildare CISD,739,True
Lindop School District 92,1578,True
Lindsay ISD,1875,False
Lindsay Public Schools,lindsay,False
Lipan ISD,1947,False
Lisle CUSD 202,1795,True
Little Cypress-Mauriceville CISD,807,False
Little Elm ISD,860,False
Little Falls Community Schools,903,True
Livingston ISD,1664,False
Livonia Public Schools School District,1615,False
Llano ISD,681,True
Lockhart Independent School District,714,True
Lockport School District 91,1496,False
Locust Grove Public School,586,False
Logan View Public Schools,LoganView,False
Lombard School District 44,740,False
Lomega Public Schools,505,False
London Independent School District,996,False
Lone Oak Independent School District,2315,True
Long Prairie-Grey Eagle Public Schools,1444,False
Longview ISD,2235,False
Loomis Public School,136,False
Lorena ISD,933,False
Lorenzo ISD,2435,False
Los Alamos Public Schools,2696,True
Los Fresnos CISD,887,False
Louise ISD,2107,False
Louisiana  Citizens Property Insurance Corporation,2594,True
Loup City Public Schools,LoupCity,False
Lovejoy Independent School District,856,False
Lovelady Independent School District,1078,False
Lower Platte North NRD,155,False
Lubbock Independent School District,869,False
Lubbock-Cooper ISD,1703,False
Luling ISD,1156,False
Lumberton ISD,851,False
Luther Public Schools,514,False
Lyford CISD,1489,True
Lyme-Old Lyme Schools,2421,True
Lyon County School District,1027,True
Lyons School District 103,1785,False
Lyons Township High School District 204,1797,False
Lyons-Decatur Northeast,499,True
Lytle Independent School District,1872,False
Mabank Independent School District,1915,False
Macomb Community College,1312,False
Madison District Public Schools,1640,False
Madison Public Schools,198,False
Madison Public Schools,2416,True
Madisonville CISD,2059,False
Magnolia ISD,793,True
Mahtomedi Public Schools,1077,False
Malakoff Independent School District,653,True
Malcolm Public Schools,494,False
Mammoth - San Manuel Unified School District,2122,False
Manchester City Schools,manchestercitysch,True
Manistee Area Public Schools,1636,True
Manistee Intermediate School District,1079,True
Manitowoc Public School District,2108,False
Mannheim District 83,1275,False
Manor Independent School District,938,False
Mansfield ISD,1116,True
Maple Lake Public Schools,1832,False
Marana Unified School District,1780,False
Marathon ISD,805,True
Marble Falls ISD,1042,False
Marengo CHSD 154,2789,True
Marengo Union Elementary CSD 165,1525,False
Marfa ISD,1076,False
Marietta Public Schools,Marietta,True
Marion ISD,1985,False
Marlin Independent School District,1890,False
Marlow Public Schools,2576,True
Marquette Alger Regional Educational Service Agency,1137,True
Marquette Public Schools,1492,False
Marshall County School District,548,False
Marshall Independent School District,798,False
Mart ISD,2436,True
Martin's Mill ISD,2240,False
Martinsville ISD,1280,False
Mary M. Knight School District,2077,False
Marysville Public Schools Districts,1172,False
Mason ISD,1905,False
Mason Public Schools,1099,False
Mathis Independent School District,2742,False
Mattawan Consolidated School,1508,False
Maud ISD,1889,False
Maxwell Public Schools,135,False
Maypearl ISD,863,False
Mayville Community Schools,2352,True
Maywood Public Schools,187,False
Maywood School District 89,1713,False
McAllen Independent School District,1045,True
McCall-Donnelly Jt. School District No. 421,2127,False
McCamey ISD,2015,False
McCook Public Schools,mccook,False
McDade ISD,2814,True
McFarland School District,1757,False
McKinney ISD,2118,False
McLean County Unit District No. 5,1482,True
McLean ISD,2654,True
McLoud Public Schools,332,False
McMullen County ISD,879,False
Meade School District 46-1,Meade,True
Meadow ISD,2250,False
Medford Public School,1173,False
Medford School District,1545,True
Medina Independent School District,702,False
Medina Valley ISD,760,True
Melissa ISD,716,True
Memphis ISD,847,True
Menahga Public School District 821,940,True
Mendon Community Schools,1091,False
Mendota CCSD 289,2543,True
Mendota High School,1330,False
Mercedes ISD,2182,False
Meridian CUSD 223,1268,False
Merkel Independent School District,1399,False
Mesa County Valley School District  No. 51,2807,True
Mesa Vista Consolidated Schools,1974,False
Mesquite ISD,1314,False
Metamora CCSD 1,2386,True
Metlakatla Indian Community,2581,True
Metro Technology Centers,2507,True
Mexia ISD,1752,False
Meyersville ISD,2286,False
Miami Independent School District,1883,False
Miami Public Schools,833,False
Michigan Center Schools,1624,False
Michigan Independent Colleges & Universities,2174,False
Mid-America Technology Center,363,False
Mid-Del City Public Schools,585,True
Middle Rio Grande Development Council,1582,False
Middletown Public Schools,2423,True
Middletown Public Schools,2634,True
Midland Independent School District,641,False
Midlothian ISD,1700,True
Mid-State Education District,1808,False
Mid-Valley Special Education Cooperative,1669,False
Midway ISD,728,False
Midwest Central CUSD #191,1206,False
Milam Appraisal District,2998,True
Milam County Commissioners Court,3085,True
Milano ISD,1771,False
Mildred ISD,1032,False
Miles ISD,1337,False
Milford Public Schools,137,False
Mill Creek Academy,2800,True
Miller Grove ISD,976,True
Millington Community Schools,2551,True
Millsap ISD,1603,False
Millstadt CCSD 160,1486,False
Millwood Public Schools,314,False
Milton Freewater School District,1546,False
Minco Public Schools,minco,False
Minden Public Schools,150,False
Mineola Independent School District,2269,False
Mineral Point Schools,2067,False
Mineral Wells Independent School District,957,False
Mingus Union High School District 4,2011,False
Minidoka County School District,2041,False
Minneapolis Public Schools Board of Education,1807,True
Minnesota State Academies Board,1131,False
Minnewaska Area Schools,1335,True
Minooka Community High School,1417,False
Mission Consolidated Independent School District,741,True
Mississippi Department of Education,979,False
Mississippi State Port Authority,1272,False
Mitchell Public Schools,67,False
Mitchell School District,2678,True
Moffat Consolidated #2,2793,True
Moffat County School District RE 1,2758,True
Mokena School District 159,1269,False
Molalla River School District,1539,False
Moline-Coal Valley School District No. 40,1787,False
Monahans-Wickett-Pyote ISD,1958,False
Monroe Public Schools,1641,False
Montabella Community Schools,1643,False
Montcalm Area Intermediate School District,1313,False
Monte Alto ISD,784,False
Montevideo Public Schools,2489,True
Montgomery ISD,2239,False
Moody Independent School District,2220,False
Moore Norman Technology Center,MooreNorman,False
MOREgroup,2782,True
Morgan County Schools,540,True
Morrill Public Schools,morrill,False
Morris Area Public Schools,1596,False
Morris Elementary School District #54,1322,False
Morrow County School District,1536,False
Motley County ISD,1887,False
Moulton ISD,1960,False
Mount Clemens Community Schools,1631,False
Mount Pleasant Independent School District,768,False
Mount Pulaski CUSD #23,2414,True
"Mount Vernon City Schools, District 80",1806,False
Mt. Pleasant Public Schools,2679,True
Mt. Vernon Independent School District,1766,False
Mt. Vernon Township High School,1199,False
Muenster ISD,1781,False
Muleshoe Independent School District,1765,False
Mullen Public Schools,393,True
Mullin ISD,1151,False
Multnomah Education Service District,1538,False
Munday CISD,1021,False
Murchison ISD,2231,True
Murfreesboro City Schools,570,False
Muskegon Area ISD,1637,False
Mustang Public Schools,Mustang,True
N1 Demo,3196,True
Nacogdoches ISD,786,True
NASB Staff Meetings,3198,True
NASB TEST TEST TEST,589,True
Natalia ISD,688,True
National Purchasing Cooperative,816,False
National School Boards Association,2394,True
Navarro Independent School District,1383,False
Navasota ISD,1869,False
Naytahwaush Community Charter School,1830,False
NDSBA Test Member School DISTRICT,2810,True
NE Land,NELand,True
Neah-Kah-Nie School District No. 56,1560,False
Nebraska City Public Schools,194,False
Nebraska Department of Education,152,False
Nebraska Public Leadership Foundation,176,False
Neches ISD,2253,False
Nederland Independent School District,932,False
Needville ISD,1347,False
Negaunee Public Schools,1621,False
Neoga Community Unit School District #3,1279,False
Nevis Public Schools - ISD 308,1693,False
New Berlin CUSD # 16,2004,True
New Boston ISD,1126,False
New Braunfels ISD,1512,False
New Buffalo Area Schools,1056,False
New Caney Independent School District,2256,False
New Deal ISD,2798,True
New Diana ISD,872,False
New Fairfield Public Schools,2415,True
New Town Public Schools,2755,True
New Waverly ISD,883,False
Newcastle Public Schools,Newcastle,False
Newman Grove Public Schools,160,False
Newport School District,2076,False
Newton ISD,1888,False
Newtown Public School District,2787,True
Nicole Test Organization,nicoletest,True
Nicollet Public Schools,1842,True
Niles Community Schools,1659,True
Niles Township District for Special Education #807,2698,True
Niles-Maine District Library,1293,False
Ninnekah Public Schools,2546,True
Nippersink School District 2,1423,False
Nixon-Smiley CISD,650,True
Noble Public Schools,300,False
Nocona Independent School District,2117,False
Nome Public Schools,1867,True
Nordheim ISD,2206,False
Norfolk Public Schools,65,False
Norman Public Schools,213,True
Normangee ISD,776,False
Norridge School District 80,1242,False
Norris School District 160,69,False
North Bend Central Public Schools,452,True
North Bend School District #13,1573,False
North Branch Area Public Schools,1686,True
North Clackamas School District,1564,False
North Crawford School District,2150,False
North DuPage Special Education Cooperative,1336,False
North East Independent School District,1897,False
North Hopkins ISD,2304,False
North Lamar ISD,1049,False
North Platte Public Schools,124,True
North Rock Creek Public Schools,354,False
North Santiam School District 29J,1548,False
North Shore School District 112,2398,True
North Slope Borough School District,1316,False
North Stonington Public Schools,2628,True
North Wasco County School District 21,1556,True
North Zulch ISD,797,False
Northbrook District 28,1190,False
Northeast Metro 916,2488,True
Northeast Texas Community College,1917,False
Northeast USD 246,2627,True
Northern Area Local Workforce Development Board,779,False
Northern Valley Schools,2261,True
Northland Community Schools - ISD 118,1430,False
Northside ISD,2695,True
Northville Public Schools,1326,True
Northwest Arctic Borough School District,1035,True
Northwest Education Services,2486,True
Northwest Independent School District,1405,True
Northwest Kansas ESC 602,3087,True
Northwest Public Schools,81,False
Northwest Technology Center,2630,True
Northwestern Illinois Association,1342,True
Nova Classical Academy,1695,False
Novi Community School District,2699,True
Nowata Public Schools,2746,True
Nueces County Hospital District,1886,False
Nye County School District,1025,False
Oak Grove School District 68,1240,False
Oak Park ESD 97,1477,False
Oak Park Schools,1012,False
Oak Ridge School District,551,False
Oakdale Public Schools,305,False
Oakland Township,2002,False
Odessa College,2234,False
O'Donnell ISD,2081,False
Ogallala Public Schools,92,False
Ogden City School District,752,True
Oilton Public Schools,1177,False
Okarche Public Schools,Okarche,False
Okemah Public Schools,okemah,False
Okemos Public Schools,2515,True
Oklahoma Liquid Asset Pool,OLAP,True
Oklahoma SCSB,1893,False
OKSTE,885,False
Oktaha Public Schools,367,False
Olton ISD,962,False
Olympia CUSD 16,1245,False
Omaha Housing Authority,201,True
Omaha Public Schools,120,True
Onaga-Havensville-Wheaton USD 322,2706,True
Onalaska Independent School District,1005,False
O'Neill Public Schools,oneill,True
Ontario School District 8C,1188,True
Oologah-Talala Public Schools,309,False
Oracle Elementary School District No.2,2125,False
Orange Grove ISD,2329,False
Orangefield Independent School District,2091,False
Ord Public Schools,Ord,True
Ore City ISD,1878,False
Oregon Commission on Autism Spectrum Disorder,2155,True
Oregon School Boards Association,Oregon,True
Oregon State Board of Education,2146,False
Oregon Trail School District #46,1571,False
Orion Township,1374,False
Orono Public Schools,1828,False
Osawatomie USD 367,2595,True
Osceola Public Schools,138,False
Osmond Community Schools,481,True
OSSBA Demo,240,True
OSSBA Employee Benefits,EBP,True
Oswego Public Library District,2043,False
Otsego Public Schools,1652,True
Ottawa Area Intermediate School District,969,True
Overton ISD,1967,False
Owasso Public Schools,601,False
Oxford Community Schools,1339,True
Oxford USD 358,3088,True
Paducah ISD,2187,False
Palacios Independent School District,1210,False
Palestine ISD,1246,False
Palmer Independent School District,683,False
Palmer Public Schools,palmer,False
Palmyra District OR-1,174,False
Palos Heights School District #128,2434,True
Pampa Independent School District,2186,True
Pana CUSD #8,1756,False
Panhandle ISD,967,False
Panola College,1189,False
Papillion La Vista Community Schools,papillion-lavista,True
Paradise ISD,2289,False
Paris ISD,687,False
Paris Junior College,1225,False
Paris Union School District 95,818,False
Parkersburg Utility Board,1929,False
Parkrose School District 3,1541,True
Parkview School District,1925,False
Parshall School District #3,2216,True
Pasadena Independent School District,1894,False
Pauls Valley Public Schools,PaulsValley,False
Paw Paw CUSD #271,1977,True
Paw Paw Public Schools,1661,False
Pawhuska Public Schools,Pawhuska,False
Pawnee ISD,1961,False
Paxton Consolidated Schools,86,False
Payson Unified School District,1839,False
Pearl River Community College,2531,True
Pearsall ISD,632,True
Peaster ISD,2318,False
Peck Community Schools,1656,False
Pecos-Barstow-Toyah ISD,1877,False
Pekin Community High School District No. 303,1595,False
Pender Public Schools,129,False
Pendleton School District 16R,1559,False
Pennfield Schools,2568,True
Pennoyer School District #79,1278,False
Perkins County Schools,113,False
Perkins-Tryon,2675,True
Perry Public Schools,Perry,False
Perryton Independent School District,689,True
Petersburg ISD,2344,False
Petersburg School District,1532,False
Petrolia CISD,708,True
Pettus Independent School District,1859,False
Pewitt CISD,654,True
Pflugerville ISD,Pflugerville,False
Pharr-San Juan-Alamo ISD,2163,False
Phoenix-Talent Schools,2579,True
Pickford Public Schools,2808,True
Pillager School District #116,2530,True
Pilot Point Independent School District,2105,False
Pima County Joint Technical Education District,1386,False
Pinckney Community Schools,2564,True
Pine River Area Schools,1424,False
Pine River-Backus Schools,2584,True
Pine Tree Independent School District,790,True
Pineywoods Community Academy,3043,True
Pioneer Tech Ctr,321,False
Pipestone Area Schools,1058,False
Pittsburg ISD,1450,False
Plains Independent School District,823,False
Plainview ISD,1882,False
Platte County,plattecounty,True
Plattsmouth Community Schools,56,False
Pleasant Grove Independent School District,841,False
Pleasant Plains Community Unit District 8,1789,False
Pleasant Valley School District # 62,764,False
Pleasantdale School District 107,1289,True
PLEASANTON INDEPENDENT SCHOOL DISTRICT,1980,False
Pleasanton Public Schools,401,True
Plemons-Stinnett-Phillips CISD,1002,False
Pojoaque Valley School District,1370,True
Policy Demo,PolicyDemo,False
Ponca City Public Schools,531,True
Ponca Public Schools,149,False
Pond Creek-Hunter Public Schools,2716,True
Ponder Independent School District,2363,True
Pontiac School District,1112,False
Pope County,2342,True
Port Aransas ISD,671,False
Port Arthur ISD,2236,False
Port Huron Area School District,943,True
Port Neches-Groves ISD,1419,False
Port of Orange,1217,False
Port of Port Arthur,2761,True
Port Orford-Langlois School District 2CJ,1552,False
Port San Antonio,2152,False
Port Tampa Bay,1448,False
Portage Public Schools,1485,True
Portland Public Schools,915,True
Post ISD,1094,False
Poth ISD,699,False
Potter-Dix Public Schools,159,False
Pottsboro ISD,829,False
Prairie Grove CSD 46,1431,False
Prairie Hills USD 113,2715,True
Prairie Lea ISD,2719,True
Prairiland ISD,2317,False
Premont ISD,2221,False
Prescott Unified School District,1369,False
Presidio ISD,827,False
Preston Joint School District #201,2607,True
Preston Public Schools,2429,True
Princeton Independent School District,1770,False
Princeton Public Schools - ISD 477,1092,False
Prior Lake-Savage Area Schools,1136,False
"Promesa Public Schools, Inc.",2340,False
Prospect Heights School District 23,1256,False
Prosper Independent School District,2084,False
Proviso Area for Exceptional Children,2812,True
Proviso Township High Schools,1791,True
Public Schools of Petoskey,1237,True
Purcell Public Schools,1145,False
Putnam County CUSD 535,1267,False
Putnam County School District,546,False
Quanah ISD,2244,False
Queen Bee School District 16,1782,False
Queen City ISD,2198,False
Quinlan Independent School District,2079,False
Quitman Independent School District,926,True
Rains ISD,644,False
Ralls Independent School District,1946,False
Ralston Public Schools,154,False
Ramirez CSD,2335,False
Randall Community Water District,1939,False
Randolph Field Independent School District,1681,False
Rankin School District 98,1254,False
Rantoul City Schools,2431,True
Ravenna Public Schools,64,False
Raymond Central Public Schools,203,False
Raymondville ISD,912,False
Read Foundation/Memphis School of Excellence,SEMemphis,True
Reagan County ISD,799,False
Red Lake Schools #38,1072,False
Red Lick Independent School District,2324,False
Red Oak ISD,2272,False
Red River Technology Center,320,False
Red Wing Public Schools - ISD 256,837,False
Redwater ISD,836,False
Reed City Area Public Schools,2534,True
Reedsport School District,2759,True
Refugio ISD,2532,True
Region 10 Education Service Center,1164,False
Region 11 Education Service Center,848,False
Region 12 Education Service Center,1851,False
Region 16 Education Service Center,906,True
Region 16 PSP Consolidated ISD Advisory Board,2804,True
Region 17 Education Service Center,2601,True
Region 18 Education Service Center,756,True
Region 3 Education Service Center,1096,False
Region 4 Education Service Center,2173,False
Region 5 Educational Service Center,1776,False
Region 7 Education Service Center,2710,True
Region 8 Education Service Center,2282,False
Region One Education Service Center,1388,False
Renwick USD 267,2797,True
Reynolds School District,1006,True
Rhodes School District 84 1/2,2726,True
Ricardo Independent School District,1902,False
Rice CISD,663,True
Rice Independent School District,1016,False
Richard Milburn Academy,1986,False
Richardson ISD,705,True
Richland County CUSD 1,1308,True
Richmond-Burton CHSD 157,1786,False
Ridgeview CUSD #19,2404,True
Ridgewood High School District 234,2337,True
Riley CCSD 18,3005,True
Rio Vista ISD,916,False
River Forest Public Schools,1677,False
River Road ISD,923,False
River Trails School District 26,1305,False
Rivercrest Independent School District,2164,False
Riverside Brookfield High School,1689,False
Riverside School District 96,1668,False
Riviera ISD,2302,False
Robbinsdale Area Schools,964,False
Robinson CUSD #2,2513,True
Robinson ISD,983,False
Robstown ISD,1504,True
Roby Consolidated ISD,2012,False
Rochelle ISD,1073,False
Rock Island - Milan School District #41,1341,False
Rock Ridge Public Schools - ISD 2909,1613,True
Rockdale ISD,2212,False
"Rockford Area Schools, ISD 883",1166,False
Rockford Public Schools,3040,True
Rockport-Fulton Independent School District,854,True
Rocksprings ISD (069901),1351,False
Rockwall Independent School District,2276,False
Rocky Boy Schools,2020,False
ROCORI SCHOOL DISTRICT 750,1809,False
Rogers ISD,1048,False
Roma ISD,2323,False
Rondout School District 72,1491,False
Roosevelt Independent School District,727,False
Ropes Independent School District,2792,True
Roscoe Collegiate ISD,2397,True
Roscommon Area Public Schools,1498,False
Roseau Community School,1340,False
Rosebud-Lott ISD,750,False
ROSELLE SCHOOL DISTRICT 12,1680,False
Roseville Area Schools,2473,True
Rossville-Alvin CUSD 7,1793,False
Roswell Independent School District,1919,False
Round Top-Carmine ISD,2086,False
Royal Independent School District,2229,False
Royal Oak Schools,1657,True
Royal Valley USD 337,2574,True
Royalton Public Schools,1814,False
Royse City ISD,2210,False
Ruidoso Municipal School District,801,True
Runge ISD,882,False
Rush City Public Schools,1833,False
Rushford-Peterson Schools,1829,False
Rusk Independent School District,875,False
Russell Test,604,True
Russellville School District,2994,True
S & S CISD,1436,False
Sabine Pass Independent School District,843,False
Saginaw ISD,1170,False
Saginaw Public Schools,1662,False
Saginaw Township Community Schools,1171,True
Saint Paul Public Schools,1810,False
Saint Peter Public Schools,1605,False
Salado ISD,1288,False
Saline County,507,True
Salt Creek School District 48,2680,True
Salt Lake City School District,2763,True
Sam Rayburn ISD,2332,False
San Angelo ISD,899,False
San Antonio ISD,1982,True
San Benito Schools,2809,True
San Carlos Unified School District No. 20,1920,False
San Diego Independent School District,1179,False
San Elizario ISD,2311,True
San Felipe Del Rio CISD,775,True
San Isidro ISD,2319,False
San Marcos CISD,981,False
San Perlita I.S.D.,2203,False
San Saba ISD,646,False
San Vicente ISD,2986,True
Sandhills Public Schools,sandhills,True
Sandridge School District No. 172,1531,False
Sands CISD,2028,False
Sandy Creek Public Schools,sandycreek,True
Sanford-Fritch ISD,693,True
Sanger Independent School District,666,False
Santa Cruz Valley Union HS,1995,False
Santa Gertrudis ISD,2189,False
Santa Maria Independent School District,3195,True
Santa Rosa Independent School District,1671,False
Santo ISD,1128,True
Sapulpa Public Schools,270,False
Saranac Community Schools,1653,False
Sargent Public Schools,459,True
SASED Administrative Center,1519,False
Saunders County Board of Supervisors,117,False
Savoy ISD,2539,True
Sayre Public Schools,sayre,True
Schertz-Cibolo-Universal City ISD,1900,False
Schiller Park School District 81,1788,False
Schleicher County ISD,2739,True
School District 197,1385,False
School District 206,1200,False
School District 45,1675,False
School District 622,1069,False
School District of Amery,2090,False
School District of Cameron,1594,False
School District of Cudahy,1139,False
School District of Flambeau,1353,False
School District of Mauston,1187,False
School District of Mishicot,1698,False
School District of New Glarus,970,False
School District of Potosi,2042,False
School District of River Falls,1447,False
School District of South Milwaukee,2087,False
School District of Tomahawk,2045,False
School District of Turtle Lake,1772,False
School District of Wauzeka-Steuben,2054,False
Schoolcraft Community Schools,2500,True
Schulenburg ISD,1852,False
Schuyler Community Schools,schuyler,False
Scio School District,2820,True
Scottsbluff Public Schools,49,True
Scurry-Rosser ISD,838,False
Sealy ISD,1432,False
Seaside School District,3046,True
Seguin ISD,867,True
Selenium UI Test City (Tier 2),576,True
Selenium UI Test School (Tier 1),575,False
Seminole Independent School District,719,False
Seminole Public Schools,Seminole,False
Seward Public Schools,80,False
Seymour ISD,1433,False
SH 130 Municipal Management District No. 1,2743,True
Shakopee Public Schools,1215,False
Shallowater ISD,2205,False
Shamrock ISD,2330,False
Sharon-Mutual Public Schools,SharonMutual,False
Sharyland ISD,2078,False
Shawnee Public Schools,356,True
Shelby-Rising City Public Schools,115,False
Sheldon ISD,1876,False
Shelton Public Schools,shelton,True
Shepherd ISD,673,True
Sheridan School District 48J,1550,False
Shickley Public Schools,485,True
Shorewood School District,1921,False
Silsbee Independent School District,667,True
Silver Consolidated School District,945,False
Silver Falls School District,1569,False
Silver Lake Public Schools,123,False
Silverton ISD,692,False
Simms ISD,2061,False
Sinton ISD,794,False
Sioux Falls School District 49-5,siouxfalls,True
Sitka School District,2528,True
Sivells Bend ISD,2653,True
Skidmore-Tynan ISD,1511,False
Skokie School District 68,1402,False
Skokie School District 69,1794,False
Slaton Independent School District,726,False
Slidell ISD,2602,True
Smith Center USD 237,2997,True
Smith County Board of Education,smithcoedu,True
Smithville ISD,1738,False
Snook ISD,1904,False
Snowflake Unified School District #5,2154,False
Snyder ISD,936,False
Socorro ISD,2313,True
Soda Springs Joint School District,1356,False
Solomon Unified School District 393,2984,True
Somers Public Schools,2459,True
Somerset Independent School District,2259,False
Somerville ISD,1777,False
Somonauk CUSD 432,1410,False
Sonora ISD Administration,1303,False
South Central USD 5,southcentral,False
South Coast ESD,1574,False
South Harrison Community School Corporation,1138,True
South Holland School District,1380,False
South Koochiching - Rainy River ISD 363,1827,False
South Platte School District 95,402,True
South San Antonio ISD,2343,False
South Sioux City Community Schools,76,False
South St. Paul Public Schools,1813,False
South Texas ISD,1663,False
South Umpqua School District,2991,True
Southeast Island School District,1397,False
Southeast Technical College,STC,True
Southern Oklahoma Technology Center,2638,True
Southern School District,southernschooldistrictschools,False
Southern Valley Schools,172,False
Southfield Public Schools,1651,True
Southington Public Schools,2466,True
Southside ISD,874,False
Southwest ISD,1979,False
SouthWest Metro Intermediate District 288,1186,False
Southwest Texas Junior College,1229,False
Spearman ISD,2303,False
SPEED S.E.J.A. #802,1213,False
Splendora ISD,1602,True
Spring Branch Independent School District,889,True
Spring Hill ISD,771,True
Spring Valley Academy,2738,True
Spring Valley CCSD 99,2223,True
Springfield Platteview Community Schools,88,False
Springlake-Earth ISD,2010,False
SPRINGTOWN ISD,1407,False
Spur Independent School District,2247,False
Spurger ISD,1803,False
St. Anthony-New Brighton,2549,True
St. Charles Community Schools,1612,True
St. Cloud Area School District 742,1478,True
St. Croix Falls School District,1764,False
St. Croix Preparatory Academy,1778,False
St. Francis Area Schools,1821,False
St. Francis School District,2007,False
St. Johns Public Schools,1654,True
St. Joseph County ISD,2188,True
St. Louis Park Public Schools,1820,False
St. Louis Public Schools,1660,False
St. Mary's Charter School,2535,True
St. Paul Public Schools,141,False
Stafford Municipal School District,1043,False
Stafford Public Schools,2420,True
Stamford ISD,1437,False
Standish-Sterling Community Schools,1124,True
Stanfield School District,2819,True
Stanton Community Schools,405,True
Stanton ISD,2281,False
Stapleton Public Schools,Stapleton,True
Starr County Memorial Hospital,3187,True
Steamboat Springs School District RE-2,1737,False
STEDY JTED,1762,False
Stephenville Independent School District,1799,False
Sterling City ISD,2165,False
Sterling Public Schools,sterling,False
Sterling Public Schools,200,False
Stigler Public Schools,624,True
Stillwater Area Public Schools,2592,True
Stillwater Public Schools,2791,True
Stilwell Public Schools,313,False
Stockdale ISD,2051,False
Strasburg School District 31J,2822,True
Stratford ISD,2307,False
Streator Elementary School District #44,1501,False
Sudan Independent School District,2209,False
Sullivan County Department of Education,561,False
Sulphur Bluff ISD,1014,False
Sulphur Public Schools,599,False
Sulphur Springs Independent School District,1046,False
Summerland Public School,1418,True
Summit Hill District 161,1239,False
Sumner-Eddyville-Miller Schools,189,False
Sunnybrook School District,2480,True
Sunnyvale ISD,1000,False
Sunray ISD,956,False
Superior Public Schools,204,True
Sutherland Public School,57,False
Sutton Public Schools,94,False
Swan Valley School District,1487,False
Swartz Creek Community Schools,2437,True
Sweeny ISD,630,True
Sweetwater ISD,2294,False
Sweetwater Public Schools,318,False
Syracuse USD 494,2669,True
Syracuse-Dunbar-Avoca Public Schools,461,True
Taft ISD,645,True
Tahoka ISD,1956,False
Tarkington ISD,707,False
Tatum Independent School District,2254,False
Taylor ISD,2401,True
Tazewell-Mason Counties Special Education Association,2704,True
Teague ISD,1911,False
Tecumseh Public Schools,2587,True
Tecumseh Public Schools,Tecumseh,False
Tejano Center for Community Concerns,2681,True
Tekamah-Herman Schools,156,False
Temple College,1891,False
Temple ISD,853,False
Tenaha Independent School District,2082,False
Tennessee School Boards Association,508,True
Terrell ISD,1294,False
Test City for Texas,577,True
Test Manual,1355,True
Test Non-School Without Settings,1103,True
Test Non-School Without Settings,1104,True
Test Regression,2389,True
Test School for OSSBA (2),2620,True
Test School for OSSBA (3),2621,True
Test School for OSSBA (4),2622,True
Test School Without Settings,1105,True
Test School Without Settings,1102,True
tester valley,3182,True
Texans Can Academies,1952,False
Texarkana College,1850,False
Texarkana Independent School District,1913,False
Texas General Counsel Group,2348,False
Texas School for The Deaf,2109,False
Texas Southern University,2066,True
Texas State University System,1683,False
Texas Woman's University,1185,False
Texhoma,3204,True
Texhoma ISD,1927,False
Thayer Central Community Schools,thayercentral,True
The Career Academy,157,False
The Ehrhart School,2288,False
Thomas-Fay-Custer Public Schools,1978,True
Thorndale Independent School District,1847,False
Thornton Fractional THSD 215,2702,True
Thrall ISD,1024,False
Three Rivers Health Department,2658,True
Three Rivers ISD,1934,False
Three Rivers School District,796,False
Three Way ISD,2673,True
Throckmorton Collegiate ISD,2474,True
Tidehaven Independent School District,2267,False
Tioga Independent School District,2805,True
to be removed Marengo CHSD 154,2795,True
Tom Bean ISD,2036,False
Tonganoxie USD 464,2757,True
Tornillo Independent School District,2199,False
Town of Benson,1593,True
Town of Cicero,1372,False
Town of Emerald Isle,1599,False
Town of Horizon City,928,True
Township High School District 214,2567,True
Trenton Independent School District,1993,False
Trenton Special School District,547,False
Tri County Public Schools,TriCounty,False
Tri-County Schools,2748,True
Trinity Independent School District,735,False
Troup ISD,1302,False
Troy 30-C,1220,False
Troy Independent School District,907,False
TSBA OPEB Trust - Board of Trustees,574,False
Tulia Independent School District,2284,False
Tullahoma City Schools,554,False
Tuloso-Midway ISD,643,False
Tunica County School District,1416,False
Tupelo Public School District,1648,False
Tuttle Public School,657,False
Twin River Public Schools,163,False
Tyler ISD,1932,False
Ubah Medical Academy - ISD 4121,1815,False
Udall USD 463,2765,True
Umatilla School District,2588,True
Umatilla-Morrow Head Start,2544,True
Union,3151,True
Union City Community Schools,2400,True
Union City Public Schools,2215,True
Union Grove ISD,2217,False
Union Public Schools,Union,False
Unionville-Sebewaing Area School District,2987,True
United ISD,2029,True
United Township High School District 30,1325,False
Unity School District,2132,False
University of Houston System,685,True
USD 333 Concordia Public Schools,2410,True
USD 417 - Morris County,2990,True
Utica Community Schools,1321,False
Uvalde Consolidated Independent School District,1047,False
Valentine Community Schools,55,False
Valley Mills ISD,2037,False
Valley View ISD - Hidalgo County,922,True
Valley View ISD-Cooke County,1871,False
Van Alstyne ISD,850,True
Van Buren ISD,1474,True
Van Buren Public Schools,2346,False
Van Independent School District,1879,False
Van Vleck ISD,742,True
Vanguard Academy,2827,True
Vega ISD,2068,False
Venus Independent School District,636,True
Veribest ISD,2339,False
Vernon Independent School District,1442,False
Vicksburg Community Schools,1649,False
Vidor Independent School District,1004,False
Vienna Township,2048,False
Vigo County Public Library,1950,False
Village of Dorchester,2753,True
Village of Kenesaw,2349,True
Village of Malcolm,villagemalcolm,True
Village of Maywood,1130,False
Waco Independent School District,1965,False
Waconda USD 272,2631,True
Waconia Public Schools,1513,False
Waelder ISD,876,False
Wagner Community School,Wagner,True
Wagoner Public Schools,Wagoner,False
Wahoo Public Schools,wahoo,False
Wakefield Community School,142,False
Walker-Hackensack-Akeley Schools,1818,False
Walla Walla Public Schools,997,False
Walled Lake Consolidated School District,927,True
Waller ISD,737,True
Walthall County School Board,1685,False
Warren County Board of Education,3213,True
Warren ISD,1991,False
Washington Community High School,1590,True
Washington County,WashingtonCountyNE,True
Washington County School System,918,True
Washington District 50 Schools,1493,False
Washington State Convention Center,1361,False
Waskom ISD,1052,False
Water Valley ISD,2222,False
Waterford Union High School,1610,False
Waterloo CUSD No. 5,1868,False
Waterville-Elysian-Morristown School District,1222,True
Watonga Public Schools,358,False
Waunakee Community School District,1924,True
Wauneta-Palisade Public Schools,102,False
Wausa Public Schools,206,False
Wausau School District,1360,False
Wauseon Exempted Village Schools,2794,True
Waverly Community Schools,1086,False
Waverly School District 145,190,False
Wawasee Community School Corporation,1912,False
Waxahachie Independent School District,765,False
Wayne Community Schools,109,False
Wayne Public Schools,2518,True
Wayne School District,1576,False
Waynoka Public Schools,Waynoka,True
Wayzata Public Schools,1040,True
Weatherford Independent School District,992,False
Weatherford Public Schools,503,False
Webb CISD,2612,True
Weber School District,1523,False
Weeping Water Public Schools,465,True
Weimar ISD,785,False
Welch Public Schools,2008,True
Wellington ISD,2098,False
Wellington USD 353,2642,True
Wellman-Union ISD,2040,False
Wellston Public Schools,2517,True
WESLACO INDEPENDENT SCHOOL DISTRICT,2555,True
West Allis-West Milwaukee Schools,1597,False
West Bonner County School District 83,2136,True
West Branch - Rose City Area Schools,1480,False
West Carroll CUSD 314,1253,False
West Chicago Elementary School District 33,1758,False
West Hanover Township,1176,False
West Hardin County CISD,989,False
West Harvey-Dixmoor School District 147,1691,False
West Independent School District,821,False
West Iron Public Schools,2690,True
West Linn-Wilsonville School District,1543,True
West Orange-Cove CISD,2102,False
West Oso ISD,2322,False
West Ottawa Public Schools,2764,True
West Point Public Schools,westpoint,True
West Rusk County Consolidated ISD,2295,False
West Sabine ISD,1141,False
Westbrook ISD,2073,False
Western Heights Public Schools,310,False
Western School District,1106,False
Western Technology Center,2526,True
Westhoff ISD,2828,True
Weston Public Schools,2468,True
Westville Public Schools,westville,True
Westwood Community School District,1650,False
Westwood Heights Schools,1165,False
Westwood Independent School District,2047,False
Wexford-Missaukee ISD,1026,False
Wharton County Junior College,2052,False
Wharton ISD,808,True
White Deer Independent School District,1414,False
White Oak ISD,2248,False
White Settlement ISD,1404,False
Whitebead Public Schools,357,False
Whitehouse ISD,1841,False
Whiteriver Unified School District,2032,False
Whitesboro Independent School District,1601,False
Whitney Independent School District,2245,False
Wichita Falls Independent School District,676,True
Wilber-Clatonia Public School,205,False
Wilcox-Hildreth Public School,Wilcox-Hildreth,False
Wildorado ISD,2260,False
Will County School District 92,1292,False
Williamson County Schools,566,False
Williamston Community Schools,1135,False
Willis ISD,2995,True
Williston Basin School District #7,2185,False
Wills Point ISD,873,False
Wilmington CUSD 209U,1674,False
Wilson ISD,2779,True
Wimberley Independent School District,2301,False
Windom Area Schools,2781,True
Windsor Public Schools,2419,True
Windthorst ISD,1118,False
Win-E-Mac Schools,2811,True
Winfield School District 34,1425,False
Wink-Loving ISD,1184,False
Winnsboro Independent School District,738,False
Winona ISD,925,True
Winside Public Schools,winsideschools,False
Winston Dillard School District,1221,False
Winters ISD,1415,False
Wisner-Pilger Public Schools,173,True
Woden ISD,1800,False
Wolfe City ISD,1494,False
Wolsey-Wessington School District,Wolsey-Wessington,False
Wonewoc-Union Center School District,1449,False
Wood Dale School District 7,1191,False
Wood River Rural Schools,192,False
Woodbridge School District,2455,True
Woodburn School District,1562,False
Woodhaven-Brownstown School District,1473,False
Woodland Public Schools,626,False
Woodland School District 50,1739,False
Woodridge School District 68,1790,False
Woodstock Community Unit School District 200,1277,False
Woodville ISD,769,True
Workers' Compensation Self-Insurance Trust,1783,False
Workforce Solutions Alamo,751,True
Wrenshall School,2703,True
WRUSD,893,True
Wylie Independent School District,2275,False
Wynnewood Public Schools,528,False
Yale Public Schools,1235,False
Yantis ISD,696,False
Yellow Medicine East ISD 2190,1157,False
York County,144,False
Ysleta Independent School District,2312,True
Yukon Flats School District,2391,True
Yukon Public Schools,306,True
Yuma Elementary School District One,2085,False
Yutan Public Schools,yutan,True
Zapata County Independent School District,2305,False
Zion Elementary School District 6,1476,False
Zionsville Community Schools,2039,False
