title_1,index
St. Joseph Public Schools,0
Maple Heights City Schools,2
Franklin County Career and Technology Center,6
Vista Oaks Charter School,9
Center Grove Community School Corporation,10
Penta Career Center,12
West Holmes Local Schools,15
Caroline County Public Schools,16
Manton Consolidated Schools,20
Quality to the Core,21
Frontier School Corporation,24
"Meade County, South Dakota",26
Hanley International Academy,29
Christopher Newport University,32
Center for Deaf and Hard of Hearing Youth,35
Ionia Public Schools,36
Macon County R-1 Schools,38
Bland County Public Schools,39
"City of Johnston, Iowa",41
Ridgemont Local Schools,42
Reeths-Puffer Schools,44
Berkeley County Schools,46
Arcanum-Butler Schools,47
Seaman USD 345,49
Rogers City Area Schools,54
Clermont Northeastern Schools,57
Andover Public Schools,59
Chesapeake Public Schools,61
Macomb Academy,62
Cowan Community School Corporation,63
New Knoxville Schools,65
The University of Utah,67
Chartiers Valley Board of School Directors,69
National Trail Local Schools,71
Huntington County Community School Corporation,72
Tuscarora Intermediate Unit 11,76
LaSalle Parish School Board,79
Lorain County JVS,80
Riverside Academy,82
Sparta Area Schools,85
Northern Virginia Community College,93
Seven Generations Charter School,94
Rancocas Valley Regional High School,97
Riverdale Local Schools,99
Grand Rapids Public Schools,100
The Greenspire School,101
Hillman Community Schools,102
Edgar Excellence,106
Lewis & Clark Community College,109
Petersburg City School Board,110
San Benito CISD,111
Eagle's Nest Academy,112
Waynesfield Goshen Local Schools,116
Passaic County Technical-Vocational Institute,118
Napa Valley Community College District,120
Buckeye Local Schools,121
341 NORTH EMERY AVENUE,125
"City of Trenton, Michigan",127
"Odyssey Charter School, Inc.",128
Lake Linden-Hubbell Public Schools,129
Monroe Central School Corporation,130
Bloom-Carroll Local Schools,131
Englewood Schools - Building a New Tradition of Excellence,133
Southern Lehigh SD,135
Board Meeting Documents and Policies,136
Great Rivers Greenway,138
Greensville County Public Schools,139
Tri-Rivers Career Center,140
Washington County Public Schools,141
Bradley-Bourbonnais CHSD #307,144
West Jefferson Local Schools,147
Holland Public Schools,149
San Jose-Evergreen Community College District,150
Kansas Turnpike Authority,152
Old Mission Peninsula School,153
Randolph Eastern School Corporation,159
Barnesville EVSD,160
Santa Barbara City College,162
Royal Oak Schools,163
"The Village of Bourbonnais, Illinois",165
Lake Station Community Schools,168
Peck Community Schools,169
Lawrence County ESC,172
Wes-Del Community Schools,173
John Glenn School Corporation,175
Patrick County Public Schools,176
Boone County Board of Education,177
Dover City Schools,180
York County School Division,183
Beaver County Career & Technology Center Policy Manual,184
Barnstable Public Schools,186
Pima County Community College District,189
Lancaster County Public Schools,191
SER YouthBuild Learning Academy,192
Craig County Public Schools,193
Onondaga Cortland Madison BOCES,194
Shamong Township Schools,195
Target Range School,196
Beaver Local Schools,200
BOARD OF EDUCATION,202
Washington State School Directors' Association,203
Fayetteville Public Schools,205
Montrose Community Schools,206
Greensburg Community Schools,207
Clinton Central School Corporation,209
Giles County Public Schools,212
Pendleton County Schools,213
Bentonville Schools,215
East Guernsey Local Schools,216
Scarborough Public Schools,221
San Luis Obispo County Community College District,222
George Washington Carver Academy,224
Kent County Public Schools Board of Education,225
Home of the Tigers,226
Lebanon County Career & Technology Center,228
Ball-Chatham Board of Education,229
"City of Sterling, Illinois",239
Wayland Union Schools,240
Meetings and Information,244
Prairie Heights Community School Corporation,248
Jordan-Elbridge CSD,249
Daleville Community Schools,251
Lakewood Board of Education,253
Fairfield Local Schools District,254
North Montgomery School Corporation,260
Covington Exempted Village Schools,261
Minford Local Schools,262
Naperville Park District,269
Rochester Community School Corporation,270
Tuscarora S D,273
Bay City Public Schools,276
Nineveh - Hensley - Jackson United School Corporation,278
Gwinnett County Public Schools,279
Striving for a century of excellence,281
Leipsic Local Schools,282
Putnam County Educational Service Center,283
Peru Community Schools,284
Bromley East Charter School,285
Republic-Michigamme School,289
Dalton Local Schools,296
Hacienda La Puente Board of Education,297
Merrillville Community School Corporation,298
Home of the Ponies,299
Eaton Rapids Public Schools,302
Minnesota Board on Aging,303
Kingsport City Schools eGovernance,305
Imperial County Office of Education,306
Caroline County Public Schools VA,309
"Inspiring and Building Futures, One Student at a Time",311
Inspiring Excellence,314
Bellbrook-Sugarcreek Local Schools,316
Southington Local Schools,317
iCademy Global,318
Peninsula Health Care District,320
Bergen County Technical Schools,322
Jackson City Schools,324
Jackson Public Schools,325
Jersey City Public Schools,330
Wapakoneta City Schools,331
Baugo Community Schools,336
Lakeland School Corporation,338
Northern Tier Career Center,342
New Kent County Public Schools,343
Tri-County North Local Schools,345
Rappahannock County Public Schools,349
TAHQUAMENON AREA SCHOOLS,350
Wheelerville Union Free School,354
Mendocino-Lake Community College District,356
Jonathan Alder Local Schools,357
Madison District Public Schools,359
Multicultural Academy,360
Howell Public Schools,361
Illinois Mathematics and Science Academy,366
Warren County Educational Service Center,368
Autism Model of Toledo,370
Circle of Independent Learning Charter School,374
Northview Public Schools,376
Russia Local School,378
Grand Blanc Community Schools NEOLA,379
Tangipahoa Parish School System,381
Sparta Board of Education,382
AuTrain-Onota Public Schools,383
West Michigan Academy of Environmental Science,387
Tri-County ESC,389
Marlette Community Schools,391
Burlington Public Schools,401
Temecula Preparatory School,402
Temecula Valley Charter School,407
Bucks County Intermediate Unit,408
Ithaca Public Schools,409
McDonald Local Schools,412
"City of Laurel, Maryland",414
Calvert County Public Schools,415
King William County Public Schools,420
Olmsted Falls City Schools,422
Montgomery County Intermediate Unit #23,424
Goshen Local Schools,427
Rio Hondo College,428
Oak Lawn Community High School,429
Kalamazoo RESA,430
Clinton County RESA,431
District Policies,432
Michigan Online School,440
Delaware-Chenango-Madison-Otsego BOCES,441
Bucks County Technical High School,442
Lumberton Township Schools,445
Tiospa Zina Tribal School,446
Charter School of Excellence,450
#AP_EveryStudentEveryDay,451
Sylvania Schools,458
The Terra Academy,459
Gallia-Jackson-Vinton JVSD,460
Grass Lake Community Schools,461
North Lawrence Comm. School Corp.,467
Upper Township,474
Colorado Charter School Institute,475
Barstow Community College,477
Tri County Area Schools,478
Riverview Intermediate Unit 6,479
St. Louis Public Schools,481
Muskegon Covenant Academy,483
Allegheny Intermediate Unit,484
Northeastern Wayne School Corporation IN,485
EHOVE Career Center,489
Buffalo Public Schools,490
Waldron Area Schools,491
Northwest Allen County Schools,492
Home of the Griffins,493
Argos Community Schools,495
St. James Parish Schools,497
East Central Educational Service Center,499
Hubbard Eagles,502
Greenbush - The Southeast Kansas Education Service Center,503
Brunswick County Public Schools,504
Gateway Adult Education Network,506
Breckenridge Community Schools,509
Kensington Woods Schools,510
Board of Education of Cecil County,513
Fairview Park City Schools,514
Scarsdale Public Schools,515
Grand Blanc Academy,516
Union County Public Schools,518
Tulsa Technology Center,519
Herington Schools USD 487,520
Erie County Technical School,522
Rocklin Academy Family of Schools CA,523
Southern Ohio Educational Service Center,524
Walkerville Public Schools,527
Prince William County Public Schools,532
Warren Consolidated Schools,535
Shepherd Public Schools,536
Wayne County Public Schools,537
Logansport Community School Corporation,541
Village of South Elgin,544
Henrico County Public Schools,545
Iroquois County CUSD9,548
Lebanon Community School Corporation,550
Prairie View USD 362,553
Girard City Schools,555
Yucaipa-Calimesa Joint USD,560
Nelsonville-York City Schools,561
NEOLA policies,570
Tawas Area Schools,571
Jefferson Area Local Schools,572
Hopewell City Public Schools,574
Bellmawr Board of Education eGovernance Site,576
Marin County Office of Education,581
Board of Supervisors,582
Montabella Community Schools,584
Cayuga-Onondaga BOCES,587
Lanesville Comunity School Corporation,590
Northumberland County School Board Office,591
Cory-Rawson Local Schools,592
Triad Community Schools - Unit District #2,598
Sand Creek Community Schools,599
Campbell County Public Schools,604
Lake Superior Academy,605
Public School Teachers' Pension and Retirement Fund of Chicago,609
Coshocton City Schools,614
Iberia Parish School System,615
South Adams Schools,617
"Jackson County, Michigan",620
Bay-Arenac Community High School,621
Triton School Corporation,624
Port of Los Angeles High School,626
Pewamo-Westphalia Community Schools,627
Cuyahoga Valley Career Center,628
Lapeer Community Schools,630
Trumbull County Educational Service Center,633
McComb Local School,634
San Mateo County Community College District (SMCCCD),636
"City of Elmhurst, IL",637
Kenton City Schools,638
Youngstown City Schools District,639
Meriden Public Schools,641
Ventura County Board of Education,644
Kearsley Community Schools,645
Freeland Community Schoool District,646
Four County Career Center,647
Cherry Hill Public Schools,648
Francis Tuttle Technology Center,650
Southeast Florida Behavioral Health Network,653
"City of Manchester, Iowa",654
Laingsburg Community Schools,655
Lordstown Local Schools,656
Livingston Classical Academy,657
Washington County Public Schools - MD,662
Piper USD 203,663
Westview School Corporation,664
Accomack County Public Schools,665
Seneca Highlands Intermediate Unit 9,668
Benjamin Banneker Preparatory Charter,681
Wauconda CUSD 118 IL,682
Broome-Tioga BOCES,683
Bridgman Public Schools,686
Manchester Community Schools,688
Berks Career & Technology Center,693
Pioneer Library System,697
Franklin Square Union Free School,702
Canal Winchester Local Schools,703
Rockingham County Schools,704
Brown County Educational Service Center,707
Educating for Life's Journey,713
Brandywine Community Schools,715
West Hills Community College District,717
Northampton County Virginia,721
Metropolitan Community College,724
Campbell City Schools,727
City of Sault Ste Marie Michigan,728
Saint Martin Parish Schools,729
Jackson County Schools,730
Beal City Public Schools,732
Arizona State Schools for the Deaf and the Blind,733
Schuylkill Intermediate Unit 29,735
Osnaburg Local Schools,736
Lawrence USD 497,740
Career Institute of Technology,741
Danville Public Schools,743
McPherson USD 418,746
Bristol Virginia Public Schools,748
East Muskingum Local Schools,751
Collingswood Public Schools,752
Tuscarawas Valley Local Schools,754
Belleville Public Schools,758
Edwardsburg Public Schools,760
Gahanna-Jefferson Public Schools,761
Greeneview Local Schools,763
Wyoming State Board of Education,766
Hancock Public Schools,773
TrueNorth Educational Cooperative 804,775
Jamestown Public Schools NY,778
Stanley-Boyd Area Schools,784
West Side Career and Technology Center,786
Northwest Local Schools,788
Invest Atlanta,789
Town of Topsfield MA,790
Home of the Panthers,791
Milan Community School Corporation,793
IASD,794
Essex County Public Schools,795
Jones County Public Schools,798
Huntley Project Schools,801
Cabell County Schools,806
Ohio Housing Finance Agency,809
Parkway Local Schools,811
Hartnell Community College District,812
Huber Heights City Schools,814
Rye Neck Board of Education,817
White Plains Public Schools,818
Gallia County Local Schools,819
Sycamore Community Schools,821
Floyd County Public Schools,824
Lima City Schools,827
Randolph County Schools,828
North Adams Community Schools,829
Bristol Tennessee City Schools,830
Franklin County Public Schools,833
Kairos Public Schools,834
"The Joseph Sears School, Distr",839
Yorkshire-Pioneer CSD,840
"Silver Spring Township, Pennsylvania",843
SunBridge Schools,844
Home of the Mighty Massasaugas,845
Portage Township Schools,848
San Mateo County Office of Education,850
Metro Schools,851
Bristol Local SD,854
Neola Board of Education Policies,858
Oakland Academy,860
Bay-Arenac ISD,861
Chief Leschi Schools,862
Temecula International Academy,863
Hardee County Public Schools,866
James A. Garfield Local Schools,867
North Canton City Schools,873
Van Wert City Schools,884
Merrill Community Schools,885
Clinton-Massie Local Schools,886
Columbus Grove Local Schools,890
Harriet Tubman Village Charter School,892
Montcalm Area ISD,895
Muncie Community Schools,898
Southern Westchester BOCES,900
Universal Academy,902
Canfield Local Schools,903
Cincinnati & Hamilton County Public Library,905
Eagle County Schools,908
Pennfield Schools,912
South Harrison Community School Corporation,915
Mason County Eastern Schools,917
Western Piedmont Community College,920
Galloway Township Public Schools,921
Lane Community College,922
Youngstown Community School,923
Brown City Community Schools,925
"Redlands Christian Migrant Association, Inc. (RCMA)",926
Steel Center for Career and Technical Education,928
Landmark Academy,932
Benjamin Logan Local Schools,933
Bossier Parish Schools,934
Troy City Schools,936
Washington County JVS District,938
Vermilion Local Schools,939
Galax City Public Schools,942
Amelia County Public Schools,943
Griffith Public Schools,946
Easton USD 449,953
WESTMINSTER PUBLIC SCHOOLS,954
Eminence Community School Corporation,956
Texas Alcoholic Beverage Commission,963
Contra Costa Community College District,965
Global Tech Academy,966
Ecorse Public Schools,967
Hartford Public Schools,968
Henry County Public Schools,969
Edon Northwest Local Schools,974
"City of Worland, Wyoming",975
Eaton Regional Education Service Agency,976
Elkton-Pigeon-Bay Port Laker Schools,979
Manassas Park City Schools,980
Bradford Academy,981
Rockford Public Schools,982
Plaquemines Parish School System,983
Byron Area Schools,985
San Diego Community College District,986
Pittsburgh Public Schools,989
USD 210 Board of Education,994
Rockford Public Schools,995
Northwest Indiana Special Education Cooperative,999
Portsmouth Public Schools,1003
"City of Kingfisher, Oklahoma",1005
Orchard View Schools,1006
Central Academy,1007
Lansing USD 469,1009
North Gibson School Corporation,1011
Lakeview Community Schools,1012
Clearfield County Career and Technology Center,1013
Turtle Mountain Community College,1015
Potteville Public Schools,1018
Lakewood School Board Policies,1022
Vicksburg Community Schools,1024
Mount Vernon Public Library,1025
Tipp City Exempted Village Schools,1027
Greenwood Community School Corporation,1028
The Township of Randolph,1030
Polk County Public Schools,1032
Springfield Local Schools,1033
Pinckney Community Schools,1037
Kalkaska Public Schools,1038
Newfield Central School,1044
Washington Township Public Schools,1045
Bladen County North Carolina,1047
Ripley-Ohio-Dearborn Special Education Cooperative,1050
USD 306 Southeast of Saline,1051
Esperanza Academy Charter School,1053
Fulton County Schools,1054
Alpena Public Schools,1055
Benton Harbor Area Schools,1056
Oxford Public Schools,1057
Iberville Parish Schools,1061
Durham Public Schools,1063
"City of Klamath Falls, Oregon",1067
Calaveras County Office of Education,1068
Big Bay de Noc School,1072
Lafayette Elementary,1074
New Albany-Plain Local Schools,1077
Stephenson Area Public Schools,1078
Borough Of Chambersburg,1079
Pentwater Public Schools,1080
Oscoda Area Schools,1084
Yakima Public Schools,1085
Clintonville Public Schools,1086
Innocademy,1088
Chabot Las Positas Community College District,1090
Braxton County Schools,1098
Florida Virtual School,1101
Clay Community Schools,1102
Lake Geneva-Genoa City Union (Badger) High School,1104
Little Compton School Department,1107
Holt Public Schools,1108
Genoa-Kingston CUSD #424,1110
Des Moines Public Schools,1111
Pointe Coupee Parish School System,1112
Concord Community Schools,1115
Quincy Community Schools,1119
Manhasset Public Schools NY,1120
Hendry County School Board,1122
River Valley Local Schools,1130
Carteret County Public School System,1131
Pandora-Gilboa Local Schools,1132
Gibraltar Area Schools,1136
BOARDDOCS,1139
Wicomico County Board of Education,1140
Greenwich Public Schools,1142
Albany Public Library NY,1146
KIBSD Board of Education,1150
West Branch-Rose City Area Schools,1151
Dayton Public Schools,1152
Baltimore City Public Schools,1153
Hampton City Schools,1155
Mission Valley ROP,1156
Goshen Community Schools,1158
College of Marin,1159
Licking Valley Local Schools,1160
Jonesville Community Schools,1161
North Muskegon Public Schools,1165
Essex North Shore,1170
Mifflin County Academy of Science & Technology,1171
The Butler Technology and Career Development Schools,1172
Jefferson College,1174
Anthony Wayne Local Schools,1178
City of Bridgeport,1181
Seneca East Local Schools,1182
Policy Manual and Board Meetings,1183
Delaware Area Career Center,1184
North Newton School Corporation,1185
Upshur County Schools,1186
Elevate Academy,1189
Norwell Community Schools,1194
iSTEM,1198
Chartertech High School,1201
Baldy View Regional Occupational Program,1202
Brownsburg Community School Corporation,1203
Toledo Board of Education,1205
Mt. San Antonio Community College District,1206
Rapides Parish School Board,1208
Chillicothe City Schools,1209
Home of the Bluejays!,1213
Spotsylvania County Public Schools,1214
Swanton Board of Education,1215
Warren County Public Schools,1216
Fayette County School Corporation,1217
Universal Learning Academy,1218
City of Sachse,1219
Albany-Schoharie-Schenectady-Saratoga BOCES,1221
Fairfield County Educational Service Center,1222
Jefferson County North USD 339,1226
Educational Service Center of the Western Reserve,1227
City of Brooklyn,1228
Colonial Heights Public Schools,1230
Northport-East Northport UFSD,1231
Putnam County Schools,1235
School Board Information and Policy Manual,1236
Cumberland County Public Schools,1238
Botetourt County Public Schools,1240
Union-North United School Corporation,1241
Eastern Suffolk BOCES,1244
"City of Raleigh, North Carolina",1245
Columbiana County Career and Technical Center,1246
Normandy Schools Collaborative,1249
Richmond County Public Schools,1254
Salem Schools,1258
Trenton Public Schools,1262
Vancouver Public Schools,1264
Markesan District Schools,1265
Worthington City Schools,1266
Goodrich Area Schools,1267
Kelloggsville Public Schools,1271
Lunenburg County Public Schools,1274
Roanoke County Public Schools,1276
Webster County Board of Education,1278
Fort Leavenworth USD 207,1279
CASMAN Alternative Academy,1283
"Cherryvale-Thayer Schools, USD 447",1284
Ohio Hi-Point Career Center,1289
Margate City Board of Education,1290
Yuba Community College District,1291
Northwest Ohio Educational Service Center,1292
Zanesville Community High School,1297
Merchantville Board of Education,1298
Elyria City Schools,1300
Golden View Classical Academy,1304
Piqua City Schools,1305
Winchester Public Schools,1315
Yosemite Community College District,1316
Harrisonville Schools,1318
Pasadena City College,1319
Massillon City Schools,1320
Mendocino County Office of Education,1322
Noblesville Schools,1329
Indiana County Technology Center,1330
Mt. Healthy City Schools,1332
Greene County Public Schools,1334
Benton Harbor Charter School Academy,1335
The Bronxville School,1336
Gloucester City Board of Education NJ,1338
St. Charles Parish Public Schools,1346
Mason County Central Schools,1347
Northumberland County Career and Technology Center,1350
Arkansas Tech University,1353
Glen Lake Community Schools,1354
Compton Community College District,1357
Central PA Digital Learning Foundation,1359
Caro Community Schools,1362
Crestwood Local Schools,1365
Orange County Public Schools VA,1366
Cobre Valley Institute of Technology,1367
Pike County Area Joint Vocational School,1369
"Town of Hadley, Massachusetts",1371
Western Reserve Local Schools,1374
Buchanan County Public Schools,1376
Copley-Fairlawn City Schools,1384
Royalton-Hartland CSD,1385
Learning for Life,1386
Phelps-Clifton Springs CSD,1389
Deckerville Community Schools,1394
Wrangell Public Schools,1396
Rising Sun-Ohio County Community School Corporation,1397
Educational Service Center of Central Ohio,1398
Tolles Career & Technical Center,1400
Three Lakes Educational Cooperative KS,1401
"City of Lennox, South Dakota",1403
WAY Academy of Flint,1404
Okeechobee County School Board,1407
Ravenna Public Schools,1414
Kalida Local Schools,1415
Kansas City Public School Retirement System,1423
Rancho Santiago Community College District,1424
Chesterfield County School Board,1426
Watervliet Public Schools,1427
Flushing Community Schools,1432
Cloverleaf Local Schools,1433
Cardinal Local Schools,1434
Rapid River Schools,1439
Jackson Center Local Schools,1440
Elida Local Schools,1441
Uniondale Public Schools,1444
Cedar Springs Public Schools,1448
"City of Brentwood, MO",1449
Detroit Leadership Academy,1452
"Preparing Students for Career, College and Community",1455
North Vermillion Community School Corporation,1459
Whitley County Consolidated Schools,1461
Rogers Public Schools,1462
Sebring Local Schools,1463
Portage Public Schools,1467
Illinois State Board of Education,1468
Anderson Valley Unified,1469
Continental Local Schools,1471
Orleans Parish School Board,1472
New Buffalo Area Schools,1475
St. Tammany Parish Public School System,1476
Clark-Pleasant Community School Corporation,1478
Rockland BOCES,1480
Howell Township Public Schools,1481
1960,1482
Fredericksburg City Public Schools,1483
Tri-County Career Center,1484
Township of Franklin Public Schools,1488
Cadillac Area Public Schools,1492
Insight PA Charter School,1495
East Liverpool City Schools,1496
William C. Abney Academy,1499
SAU 70,1500
Roseland Public Schools,1501
Hillsdale Community Schools,1502
Metropolitan Library System,1504
Cedar Riverside Community School,1508
Nettle Creek School Corporation,1509
ESC of Lake Erie West,1512
Hudsonville Public Schools,1513
West Valley-Mission Community College District,1515
Genoa Local Schools,1520
Santa Clara County Office of Education,1521
Pettisville Local Schools,1528
"City of Canton, South Dakota",1529
Three Rivers Community Schools,1531
Rockbridge County Public Schools,1533
Kentwood Public Schools,1536
Mid-Ohio ESC,1537
Mason City Schools OH,1546
Lake Fenton Community Schools,1548
"SOARING FORWARD TO EXPLORE, CHALLENGE, AND SUCCEED",1551
Home of the Covert Bulldogs,1552
Maryland State Board of Education,1557
Valdez City Schools,1561
Board of Education of Anne Arundel County,1562
Crawfordsville Community School Corporation,1569
Licking Heights Local Schools,1575
Fairfax County School Board,1576
Amanda-Clearcreek Local Schools,1578
Central Montco Technical High School,1584
Lincolnview Local Schools,1585
Spokane Public Schools,1587
Central Noble Community Schools,1589
City of Lake Butler FL,1592
Greene County Career Center,1597
Orange Public Schools,1598
Tri-County School Corporation,1599
Littleton Public Schools,1600
Warren County Career Center,1601
East Shore Leadership Academy,1602
Yadkin County Schools,1603
South Central Local Schools,1608
Tenafly Public Schools,1609
Windham Exempted Village Schools,1610
White Cloud Public Schools,1611
Union Township School Corporation,1612
Prince George's County Public Schools,1613
2743 Washington Boulevard,1614
Avon Lake City Schools,1617
Excelsior Charter School Corona-Norco,1620
Copper Island Academy,1626
SANTA CLARITA COMMUNITY COLLEGE DISTRICT (College of the Canyons),1629
Isle of Wight County Schools VA,1633
Byron Center Public Schools,1641
Cambridge City Schools,1644
Belding Area Schools,1645
Acushnet Public Schools,1650
Orcas Island School Board,1652
Leslie Public Schools,1654
Bridge Academy of Southwest Michigan,1655
Home of the Raiders,1657
Hurst-Euless-Bedford ISD,1659
Lenape Technical School,1661
"City of Bryan, Texas",1662
Lancaster-Lebanon Intermediate Unit 13,1667
MSD of Martinsville,1670
Bangor Public Schools MI,1671
Suttons Bay Public Schools,1674
Colorado School for the Deaf and the Blind,1677
Martinsville City Public Schools,1679
Mathis ISD,1682
Delaware City Schools,1683
Flagler County Public Schools,1684
Manassas City Public Schools,1686
Global Impact STEM Academy,1687
Newton Falls Exempted Village Schools,1688
Wayne Township Public Schools,1689
Willard City Schools,1691
Franklin Community Schools,1693
Public Schools of the Tarrytowns,1694
"Town of Maynard, Massachusetts",1697
Delphos City Schools,1698
New Bedford Academy,1701
Painesville City Local Schools,1703
"The Town of Taos, New Mexico",1704
Greater Clark County Schools,1706
St. Clairsville Richland City Schools,1707
Worcester County Public Schools,1708
"The School Board of Palm Beach County, Florida",1709
Ashtabula County Educational Service Center,1710
Allegany County Public Schools,1711
Southmont Schools,1713
Southern Local Schools - Perry County,1717
Creative Technologies Academy,1721
"Town of Monroe, New York",1722
Aspire Public Schools,1723
Jonesboro Public Schools,1725
Northwest Classical Academy,1730
Northridge Local Schools,1733
Colchester Public Schools,1734
Town of Foxborough,1735
Arlington Public Schools,1737
Battle Creek Montessori Academy,1738
North Montco Technical Career Center,1739
Northeast Arizona Technological Institute of Vocational Education,1740
"Jefferson County Board of Education, WV",1749
South Monterey County JUHSD CA,1751
Greenville Public Schools,1752
DeWitt Public Schools,1753
Copper Mountain College,1754
Clarke County Public Schools,1755
NEOLA Policy,1756
Southern Local Schools,1760
Crown Point Community School Corporation,1761
Smith-Green Community Schools,1763
Contra Costa County Office of Education,1766
Upper Arlington City Schools,1767
City of Bristol Tennessee,1768
Cameron Board Policy,1775
Bendle Public Schools,1777
Bergen County Special Services,1781
Cincinnatus Central Schools,1782
Weathersfield Local Schools,1787
Home of the Super Berry,1788
Placer County Office of Education,1792
Howland Local Schools,1795
"JCS, Inc.",1797
East Newark Board of Education,1802
Rossford Exempted Village Schools,1803
Lake Tahoe Community College District:,1804
Bensenville Park District,1807
Everett Public Schools Board of Directors,1811
Norton City Schools,1812
Home of the Trojans,1816
Louisville City Schools,1817
"David Hopper, Superintendent",1818
Southampton UFSD,1819
Midview Local Schools,1820
Arlington Local Schools,1821
International Charter School of Atlanta,1823
Richmond County Schools,1825
Charles A. Beard Memorial School Corporation,1829
Leavenworth USD 453,1831
Randolph Central School Corporation,1832
Zionsville Community Schools,1834
Long Beach City College,1835
Akron Central Schools,1839
Baltimore County Public Schools,1840
Sumter District Schools,1841
Reading Muhlenberg Career & Technology Center,1843
Haslett Public Schools,1845
Northwestern School Corporation,1847
Detroit Public Schools Community District,1848
Solon City Schools,1849
"The Village of Chatham, Illinois",1854
City of McPherson Kansas,1855
Santa Clara County Office of Education,1858
Sumner County Schools,1859
HOME OF THE BULLDOGS,1860
City of Carbondale,1861
Capital Area Intermediate Unit,1862
Saginaw Public Schools,1866
School City of Whiting,1868
Alma Public Schools,1869
McBain Rural Agricultural School,1870
Yuba County Water Agency,1872
Thornapple Kellogg Schools,1873
Clinton City Schools,1874
Nelson County Public Schools,1878
Perrysburg Schools,1879
Sullivan County BOCES,1880
Kokomo School Corporation,1881
Ashland County-West Holmes Career Center JVSD,1885
The Educational Employees' Supplementary Retirement System of Fairfax County,1886
Davie County Schools,1893
Community Schools of Frankfort,1895
Fort Recovery Local Schools,1897
Jackson Local Schools,1898
Medina County Career Center,1900
Heath City Schools,1901
Home of the Panthers!,1902
Lawrenceburg Community School Corporation,1904
Wall Township Public Schools,1905
Meridian Public Schools,1906
Honey Creek Community School,1907
Geneva Area City Schools,1909
Agora Cyber Charter School,1911
Sayville Public Schools,1912
"City of Effingham, Illinois",1913
Home of the Spartans,1915
Clearview Local Schools,1916
Hicksville Exempted Village Schools,1918
Middle Township Public Schools,1919
HOME OF THE MIDDIES,1923
MSD of Decatur Township,1926
Circleville City Schools,1928
Stanly County Schools,1930
Welcome to Buckingham County Public Schools,1931
NEOLA Board of Education Policy Book,1932
Ewing Township Public Schools,1933
Cumberland Perry Area Career and Technical Center,1935
Hamilton County ESC,1939
Duanesburg Central School,1940
Madison Consolidated Schools,1942
Nicholas County Schools,1946
The Board of Education Policies,1947
Byron Center Charter School,1948
Indianapolis Public Schools,1949
Liberty ESD No. 25,1952
Huntingdon County Career and Technology Center,1954
Pittsfield Acres Academy,1957
Mercer County Technical Schools,1958
Willoughby-Eastlake City Schools,1964
Savannah-Chatham County Public Schools,1966
Brielle Elementary School,1969
MONTPELIER EXEMPTED VILLAGE BOARD OF EDUCATION,1970
Bloomington Public Schools,1974
CASD School Board Policy Manual,1975
River Forest Community School Corporation,1978
Fowlerville Community Schools,1980
Jackson Preparatory and Early College,1981
Northern Neck Technical Center,1982
Seaford UFSD,1983
Kenmare Public Schools,1984
Northwood Local Schools,1987
"Lehigh County, Pennsylvania",1989
Halifax County Public Schools,1991
Charles County Public Schools,1993
Wynford Local Schools,1994
Home of the Avella Eagles,1996
Chippewa Valley Schools,1997
Denver Public Schools,1998
El Camino Community College District,2001
Northside ISD,2004
Norfolk Public Schools,2006
Hampton Bays Public Schools,2007
East Noble School Corporation,2012
Fostering Leadership Academy,2014
Bronson Community Schools,2020
Munising Public Schools,2022
Randolph Township Schools,2025
Washington Local Schools,2026
Gallup-Mckinley County Schools,2027
Desert Trails Preparatory Academy,2029
Lyndon USD 421,2032
School of the Osage,2033
Upper Bucks County Technical School,2035
Old Redford Academy,2038
Dublin City Schools,2039
Kent City Community Schools,2041
Plainfield Community School Corporation,2042
Oklahoma City Public Schools,2047
Mahoning County Career and Technical Center,2048
Topeka Public Schools,2050
Bloomfield-Mespo Local Schools,2051
City of Tallahassee,2058
North Miami Community Schools,2059
Falls Church City Public Schools,2060
New Prague Area Schools,2061
Town of Scarborough,2063
Sandusky City Schools,2065
Four Corners Montessori Academy,2069
School Administrative Unit 21,2072
East Jordan Public Schools,2074
Winton Woods City Schools,2076
Salem Community Schools,2080
Waverly Community Schools,2082
Tech Valley High School,2083
Allen Park Public Schools,2086
School Town of Munster,2095
Wilson County Schools,2097
Northampton County Schools,2099
Shasta-Tehama-Trinity Joint Community College District,2100
Newport News Public Schools,2101
Lawton Community Schools,2106
Brunswick School Department,2107
MAPLEWOOD CAREER CENTER,2108
Franklin County School System,2110
Lynchburg City Schools,2113
Charlotte County Public Schools,2115
East Cleveland City Schools,2118
Hertford County Public Schools,2125
Southwest Local Schools,2126
DeTour Area Schools,2127
Arlington Public Schools,2129
Acadia Parish Schools,2130
The Pennsylvania Cyber Charter School,2132
ISANA Academies,2133
Eaton Academy,2136
Confluence Charter Schools,2137
Town of West Hartford,2139
WAY Michigan,2143
School City of Mishawaka,2145
600 East Second Street,2147
Board of Education Policy Information,2148
Northeast Wyoming BOCES,2149
Polaris Career Center,2150
Plymouth-Canton Community Schools,2154
Inspiring students to discover and achieve their best.,2156
Muckleshoot Tribal School,2164
Scioto County Career Technical Center,2166
USD #252 Southern Lyon County,2169
Bath Community Schools,2170
Detroit Achievement Academy,2171
Benton-Carroll-Salem Local Schools,2172
Intermediate Unit 1,2174
Westmoreland County Public Schools,2175
Carroll County Public Schools,2177
Delta-Schoolcraft ISD,2178
St. Mary's County Public Schools,2180
South Lake Schools,2184
Waynesboro Public Schools,2187
Liberty Local Schools,2188
Cincinnati Public Schools,2189
Policy System,2190
http://www.tigertown.com,2195
Eastland-Fairfield Career & Technical Schools,2199
Volusia County Schools,2200
Batavia Schools - Dedicated to Excellence!,2202
Muskingum Valley Educational Service Center,2204
Marysville Public Schools USD #364,2208
Palo Verde Community College District,2209
Northwest Suburban Special Education Organization,2212
DINWIDDIE COUNTY SCHOOL BOARD,2216
Caseville Public School,2219
Governing Board of Education,2222
New Riegel Local Schools,2223
Oak Harbor Public Schools,2224
Preston County Schools,2226
Home of the Blue Jays,2227
Central Islip Public Schools,2228
Siskiyou Joint Community College District,2229
Manalapan-Englishtown Regional Schools,2230
"Meade County, South Dakota",2231
Ashtabula County Technical & Career Center,2236
A Tradition of Excellence & Opportunity,2237
Middlebury Community Schools,2239
Madison-Grant United School Corporation,2241
"City of College Place, Washington",2244
Alexander County Schools,2246
Central Susquehanna Intermediate Unit,2247
Morgan Local Schools,2250
Woodland Park Academy,2252
University of Alaska,2254
Appomattox County Public Schools,2255
Success Virtual Learning Centers of Michigan,2259
Nyack Public Schools,2261
"Village of Wheeling, Illinois",2264
4904 Route 982,2270
Pasco County Schools,2272
Salt River Pima-Maricopa Community Schools,2274
Mid-East Career and Technology Centers,2277
Green Local Schools,2279
City of Muskegon Public Schools,2284
Dixon Montessori Charter School,2285
Boone County Illinois,2286
Sacramento County Office of Education,2292
Putnam|Northern Westchester BOCES,2294
Ludington Area Schools,2296
Vandercook Lake Public Schools,2299
Louisa County Public Schools,2301
Chagrin Falls Exempted Village Schools,2302
Clarkston Community Schools,2306
Whitehall City Schools,2309
Michigan International Prep School,2310
Einstein Charter Schools,2315
San Joaquin Delta College,2317
Assumption Parish Schools,2319
"Coahoma County, Mississippi",2320
Western School Corporation,2325
Voyageur Academy,2328
Southeast Local Schools,2329
Independence Local Schools,2333
Lake County Tech Campus,2334
21st Century Cyber Charter School,2335
Faxon Academy,2336
Davison Community Schools,2338
78 Greenwood Rd #600,2339
Tipton Community School Corporation,2341
Policies and Administrative Guidelines for the Williamsburg Schools,2342
Bellefontaine City Schools,2346
Fostoria City Schools,2347
Lincoln Charter School,2348
San Diego Virtual School,2350
West Michigan Aviation Academy,2351
Clifton Public Schools,2354
The board policy of Northport Public School,2355
* HOME * SCHOOL * COMMUNITY,2356
Greenon Local Schools,2357
Hillsborough Township Public Schools,2361
Schoolcraft Community Schools,2363
Amherst County Public Schools,2365
Abilene USD 435,2368
Engadine Consolidated Schools,2370
Tri-Creek School Corporation,2372
Loogootee Community School Corporation,2374
NOVA Academy Early College High School,2375
City of Tenino Washington,2377
Lafourche Parish Public Schools,2381
Whitefish Township Community Schools,2383
Westfield Washington Schools,2389
Flint Cultural Center Academy,2392
Eastern Howard School Corporation,2393
Jefferson City Public Schools,2395
Southern Hills Career & Technical Center,2406
Celina City Schools,2410
East Porter County School Corporation,2413
Grossmont-Cuyamaca Community College District,2415
"City of Burlington, Vermont",2416
Board Policies and Administrative Guidelines and Forms,2417
Surry County Public Schools,2419
Harnett County Schools,2423
New Horizons Regional Education Centers,2424
Mount Clemens Community Schools,2432
Floral Park-Bellerose UFSD Schools,2435
Medina City Schools,2436
Northwestern Local Schools,2441
Lake County Office of Education,2442
Home Page,2443
Bunker Hill Community College,2444
Highpoint Virtual Academy of Michigan,2445
Cabrillo Community College District,2448
Shoreham-Wading River Central,2449
eGovernance,2457
Clare Public Schools,2462
Beachwood City Schools,2466
Scotch Plains-Fanwood Board of Education,2467
Middle Bucks Institute of Technology,2468
Grandville Public Schools,2469
Tri-Cities ROP,2471
South Orange County Community College District,2473
School Board of Stafford County,2474
SUN Area Technical Institute,2475
Garfield Heights City Schools,2476
Gloucester County Public Schools,2477
Hawking STEAM Charter Schools,2478
Monroe #1 BOCES,2479
New Branches Charter Academy,2480
Spencer-Owen Community Schools,2482
Leland Public School,2487
Monroe County Community School Corporation,2491
Federal Way Public Schools #210,2492
Gilbert Public Schools,2494
DeKalb CUSD 428,2499
Pelham Public Schools,2501
Moore Public Schools,2503
SAU41 Hollis Brookline,2504
Alcona Community Schools,2506
Central Westmoreland Career and Technology Center,2509
Academy for Business & Technology,2512
Pittsylvania County Schools,2513
South Suburban Park and Recreation District,2514
Buena Vista City Public Schools,2515
Onsted Community Schools,2516
North Branch Area Schools,2519
Public Schools of Calumet-Laurium-Keweenaw,2522
Somerset County Technology Center,2523
Memphis-Shelby County Schools,2527
Litchfield Community Schools,2528
Ohio Valley ESC,2529
Glendale Community College District,2534
Xenia Community Schools,2536
Atchison Public Schools,2539
District Policies and Administrative Guidelines,2540
Parma City Schools,2542
Delaware County Intermediate Unit 25,2543
Stark County Educational Service Center,2545
"Rock County, Minnesota",2548
Onslow County Schools,2549
Mount Laurel Schools,2551
Scotland County Schools,2557
Greater Altoona Career and Technology Center,2561
Ivywood Classical Academy,2569
CCSD 146,2570
Seymour Community School Corporation,2571
Leon County Public Schools,2575
Saline Area Schools,2579
Essexville-Hampton Public Schools,2582
Adena Local Schools,2583
LCCTC,2589
Michigan Collegiate,2591
Orange-Ulster BOCES,2595
Butler County Educational Service Center,2599
Barry ISD,2601
Frontier International Academy,2606
Powhatan County Public Schools,2609
Lassen Community College,2612
Fluvanna County Public Schools,2614
LaVerne Elementary Preparatory Academy,2615
Lyndonville Central Schools,2617
El Dorado County Office of Education,2619
Tempe Elementary Schools,2620
South Gibson School Corporation,2621
Prince Edward County Public Schools,2628
Louisiana Board of Elementary and Secondary Education,2633
Les Cheneaux Community Schools,2634
Lucas Local Schools,2635
Pinellas County Schools,2636
"County of Pulaski, Virginia",2641
Portage Lakes Career Center,2643
Coast Community College District,2644
Rocky River City School,2645
Caney Valley USD 436 KS,2649
Invictus Academy of Richmond CA,2651
Weymouth Township Board of Education,2653
Reynoldsburg City Schools,2657
Perry Township Schools,2658
Ferndale Public Schools,2659
Madison-Champaign Educational Service Center,2663
Cloverdale Community Schools,2666
Comstock Park Public Schools,2667
South Huntington Union Free District,2671
School City Of East Chicago,2672
Paramus Public Schools,2673
Alameda County Office of Education,2676
Pleasantville Public Schools NJ,2679
Maplewood Local Schools,2680
Vestaburg Community School,2682
Spring Lake Public Schools,2683
Holmes District School Board,2684
Grand Rapids Child Discovery Center,2685
Ladue Schools,2690
Horry County Schools,2691
Beaver Island Community School,2697
Lakota Local Schools,2698
Sacramento City College,2699
Questar III BOCES,2700
Findlay City Schools,2701
Newark City Schools,2704
Fort Loramie Local,2705
"USD 430, South Brown County",2706
Fairfield City Schools,2709
Pickaway County Educational Service Center,2711
Virginia Board of Workforce Development,2712
Norwich Public Schools,2713
Bangor Township Schools,2714
Elk Valley USD 283,2716
North Kansas City Schools,2717
Gratiot-Isabella Regional Education Service District,2720
Newport Public Schools,2721
Cheney USD 268,2722
Austin Area School Policy Manual,2724
Oakridge Public Schools,2725
Decatur County Community Schools,2728
St. Henry Local Schools,2730
Wellston City Schools,2736
Holgate Local Schools,2737
Avon Community School Corporation,2741
"Macon - Bibb County, Georgia",2742
Pemi-Baker Regional School Board,2743
Frederick County Public Schools,2745
Queen Anne's County Public Schools,2749
Lenoir County Public Schools,2750
Birchwood Public Schools,2753
Russell County Public Schools,2757
Delton Kellogg Schools,2759
Duneland School Corporation,2760
Wythe County Public Schools,2763
South Madison Community School Corporation,2764
Nottoway County Schools,2766
Sierra College,2770
Lexington City Schools NC,2771
Jefferson-Lewis BOCES,2772
Olentangy Schools,2775
Lindenwold Public Schools,2776
Board of Education Policy Manual,2777
Lincoln Intermediate Unit 12,2779
Dual Language Immersion North County,2781
Perry Local Schools,2782
Pulaski County Public Schools,2783
Geneva City Schools,2784
Frederick County Public Schools,2787
FENTON AREA PUBLIC SCHOOLS,2788
Rahway Public Schools,2789
Nassau BOCES,2791
Westlake City Schools,2792
Bellaire Local Schools,2795
Hoboken Public Schools,2797
Fulton County Center for Career and Technology,2803
Hoosick Falls Central School NY,2804
Akron Board of Education Meetings,2805
Montgomery County Board of Education,2810
Springport Public Schools,2814
Dickinson Public Schools,2818
Southwest School Corporation,2819
Lovington Municipal Schools,2820
Warrensville Heights City Schools,2821
Alexandria City Public Schools,2822
Bluestem USD 205,2826
Southampton County Public Schools,2840
Triad Local Schools,2841
Michigan Great Lakes Virtual Academy,2843
Tippecanoe School Corporation,2848
Vandalia-Butler Schools,2849
Adams 12 Five Star Schools,2854
PennHarrisMadison School Corporation,2855
Norman Public Schools Board of Education Policies and Administrative Regulations,2861
Struthers City Schools,2865
Columbus City Schools,2870
Dauphin County Technical School,2878
Hiawatha USD 415,2879
Yorktown Community Schools,2880
Light of the World Academy,2881
Bayless Board of Education,2886
Upper Sandusky Exempted Village Schools,2888
Utah Education and Telehealth Network,2889
Gerald Dawkins Academy,2892
Marietta City Schools,2893
Streetsboro City Schools,2894
Middletown Township Public Schools,2897
Macomb Montessori Academy,2898
Bridgeton Public Schools,2899
McCormick County Schools of Inquiry and Innovation,2900
Puget Sound Educational Service District,2902
Dorchester County Public Schools,2903
North West Hendricks School Corporation IN,2904
Archbold Area Schools,2906
West Point Public Schools,2909
Little Miami Local Schools OH,2913
Saugatuck Public Schools,2915
Santa Fe County NM,2917
Sidney City Schools,2918
University of Colorado,2919
Marion Community Schools,2920
The Chatfield School,2922
Allegan Area Educational Service Agency,2923
Our World Neighborhood Charter Schools,2926
Old Fort Local Schools,2928
Tonganoxie USD 464,2929
Waverly City Schools,2930
Imagine Schools CA Region,2931
Hale Area Schools,2938
Oak and Park Forest High School,2939
Montague Area Public Schools,2940
REAL Journey Academies,2942
Dover Public Schools,2951
Marcellus Community Schools,2952
MARLINGTON LOCAL SCHOOLS,2953
Clinton Prairie School Corporation,2955
American International Academy,2957
South Haven Public Schools,2961
Haledon Public School,2962
Jefferson County Schools,2963
Buchanan Community Schools,2964
District Policy Manual,2966
Franklin City Public Schools,2967
Marietta City Schools,2968
High Academic Achievement & A Place For All,2972
West Greene School Disrict,2973
Linton Stockton School Corporation,2974
Eastern Center for Arts and Technology,2975
Rockingham County Public Schools VA,2982
LakeVille Community Schools,2984
St. Bernard-Elmwood Place City Schools,2985
Pemberton Township Schools,2987
Clear Fork Valley Local Schools,2991
Jennings Local,2994
Natchitoches Parish School Board,2999
Chippewa Valley Technical College,3009
Botkins Local School,3015
Lorain City Schools,3016
Little Silver Board of Education,3018
Wayne County Schools Career Center,3019
Gateway to Success Academy,3020
Howard-Winneshiek CSD IA,3022
DeTour Arts & Technology Academy,3026
Board Policies and Related Procedures and Exhibits,3029
New Palestine Community Schools,3032
Sabine Parish School Board,3035
Plainville Public Schools,3041
Northampton Public Schools,3042
Home of the Suring Eagles,3043
Washington Court House City Schools,3045
BAPS,3046
Morrice Area Schools,3047
Richmond Public Schools,3055
Three Oaks Public School Academy,3056
MONTACHUSETT REGIONAL VOCATIONAL TECHNICAL SCHOOL,3057
Springfield Public Schools,3058
"Kansas City, Kansas Public Schools",3059
Central Nine Career Center,3061
Jefferson Parish Schools,3063
City of Pullman,3067
Rochester Public Schools,3068
Kenston Local Schools,3073
BoardDocs,3076
Coloma Community Schools,3078
Warsaw Community Schools,3081
Buckeye Central Local Schools,3082
Conneaut Area City Schools,3083
Charlotte-Mecklenburg Schools,3084
Sturgis Public Schools,3086
Hopewell-Loudon Local Schools,3087
Great Oaks Career Campuses,3089
Monroe City Schools,3092
Southwestern College,3093
Merced City Schools CA,3095
Batesville Community School Corporation,3100
St. Landry Parish School Board,3102
Wellsville Central School,3106
Welcome to:,3107
Defiance City Schools,3110
Liberty-Benton Local Schools,3116
The District of Opportunities...,3118
Dickinson-Iron ISD,3119
Statewide Health Coordinating Council,3120
NIAGARA FALLS BOARD OF EDUCATION,3122
Addison Community Schools,3123
346 School Drive,3124
Valparaiso Community Schools,3125
Zanesville City Schools District,3126
Parkway West CTC,3127
16 Fravor Road Suite A,3129
Lindbergh Schools,3130
L'Anse Area Schools,3132
Saginaw Covenant Academy,3133
Winona Area Public Schools,3134
Van Buren Local Schools,3140
Warren Alvarado Oslo School,3141
OCPS Means Success!,3144
Collier County Public Schools,3145
"Eagle County, Colorado",3146
Dove Academy of Detroit,3149
Academy District 20 Board of Education,3150
Portland Public Schools,3152
Ohio Deaf and Blind Education Services,3155
Elmhurst Community Unit School Dist. 205,3156
Baldwin City USD 348,3157
Lake Park Audubon Public School Distict,3160
Williamsburg-James City County Public Schools,3163
Clio Area Schools,3164
Lake Wales Charter Schools,3165
Carlstadt Public Schools,3167
Auglaize County Educational Service Center,3169
Grandview Heights Schools,3170
Empire Springs Charter School,3171
Orrville City Schools,3174
Harbor Beach Community Schools,3176
Washington Community Schools,3178
Danville Community School Corporation,3180
Middlesex County Public Schools,3183
City of Roanoke School Board,3186
Durand Area Schools,3187
Fairfield Community Schools,3190
"Town of Hudson, Massachusetts",3191
Santa Barbara County Employees' Retirement System,3195
South Central Ohio Educational Service Center,3196
"City of Marysville, CA",3201
Caldwell - West Caldwell Public Schools,3203
Salmon River JSD 243 ID,3205
Champaign Unit 4 Schools,3210
Marion Local Schools,3211
Santa Rosa Academy,3213
Knox County Career Center Schools,3214
Sonoma County Junior College District,3216
Creative Montessori Academy,3217
Noor International Academy,3220
Woodbury City Public Schools,3221
Aurora Public Schools,3222
School City of Hobart,3224
Hillsborough County Public Schools,3226
Blanchester Local Schools,3231
Lake Orion Community Schools,3232
Pleasant Local Schools,3233
Miamisburg City Schools,3237
Riverside County Board of Education,3238
"City of Spanish Fork, Utah",3239
Lake Local Schools,3240
Mendon Community Schools,3243
Home of The Raymond Panthers,3244
Board of Education Room,3248
Beaver Valley Intermediate Unit 27,3249
Victor Valley Community College District,3251
"Marion-Florence USD 408, Kansas",3252
Bellingham Public Schools,3254
Shenandoah County Public Schools,3255
Fall River Public Schools,3256
Franklin Township Community School Corporation,3257
Gem Innovation Schools,3258
Loudoun County Public Schools,3259
Chilton Public Schools,3260
Lafayette Parish School System,3263
Carey Exempted Village Schools,3266
Ubly Community Schools,3269
Norwalk Public Schools,3272
Bentley Community Schools,3274
Cuyahoga Heights Schools,3275
Cardington-Lincoln Local Schools,3276
Arkport CSD,3277
Norway-Vulcan Area Schools,3279
Peralta Community College District,3280
NASD Board of School Directors Meeting,3281
Doddridge County Schools,3290
Wood County Educational Service Center,3301
Brushton-Moira Central School,3304
Casa Blanca Community School,3305
Bath County Public Schools,3307
Hamilton Southeastern Schools,3308
Pymatuning Valley Local Schools,3311
TMSA Central Office,3318
Guttenberg BOE,3322
Tucker County Schools,3323
Oppenheim-Ephratah-St. Johnsville CSD,3324
Clawson Public Schools,3325
Traverse City Area Public Schools,3326
School Administrative Unit 58,3327
Tidioute Community Charter School,3330
Marion City Schools,3334
Southfield Public Schools,3336
Fairfield County ADAMH OH,3339
Citrus County School Board,3342
Prince George County Public Schools,3345
Cerritos College,3346
Cinnaminson Township Public Schools NJ,3347
MSD of Boone Township,3348
Evansville Vanderburgh School Corporation,3350
Esperanza Cyber Charter School,3353
USD #265 Goddard Public Schools,3354
Othello Washington ~ City Council ~ Serving The Community,3356
New Dawn Academy of Warren,3357
East Baton Rouge Parish School System LA,3359
Muskegon Montessori Academy for Environmental Change,3360
Fayette County Career and Technical Institute,3361
Danville Local Schools,3362
Leadership Public Schools,3363
State Center Community College District,3366
Urbana City Schools,3371
Hanover County Public Schools,3375
"City of Hamtramck, Michigan",3376
Wauseon Exempted Village Schools,3377
Board Policy and guidelines,3378
Black River Local Schools,3379
Lisbon Exempted Village Schools,3380
Columbia-Montour Area Vocational Technical School,3383
City of O'Fallon Illinois,3385
Ottoville Local Schools,3386
Westmoreland Intermediate Unit 7,3387
Hudson Area Schools,3388
Hunterdon Central,3389
Washtenaw Technical Middle College,3390
Northampton County Public Schools,3391
North Royalton City Schools,3392
Nixa Public Schools,3393
St. Lucie County Public Schools,3394
Oakland Schools Board of Education,3396
Pleasants County Schools,3397
Bladen County Board of Education,3398
Westwood Heights Schools,3399
Bartholomew Consolidated School Corporation,3400
Georgetown Exempted Village Schools,3401
Cheboygan-Otsego-Presque ESD,3402
Kern Community College District,3403
School Town of Highland,3404
Trumbull Career and Technical Center,3407
Mercer County ESC,3411
Bedford County Public Schools,3413
Cabarrus County Schools,3415
Dundee Community Schools,3422
Holton Public Schools,3424
North Olmsted City Schools,3426
Educational Service Center Council of Governments,3427
Godfrey-Lee Public Schools,3428
Brown County Schools,3429
Rosemount - Apple Valley - Eagan Public Schools,3430
AACS Board of Education,3433
Ontario Local Schools,3434
Pike Place Market Preservation & Development Authority,3435
City of Rawlins Wyoming,3441
USD 309 Nickerson - South Hutchinson,3442
THE DEARBORN ACADEMY,3443
Kalispell Public Schools,3447
Jennings County School Corporation,3450
Smyth County School Board,3454
Barrington 220,3455
Virginia High School League,3456
Madison County Public Schools,3457
Pierce County Skills Center,3461
Henry P Becton Regional High School,3463
Southern Wells Community Schools,3466
Northwest Community Schools,3469
Mathews County Public Schools,3472
Sycamore Academy of Science and Cultural Arts,3474
Caston School Corporation,3476
Charlotte County Public Schools,3477
East Clinton Local Schools,3478
Central Lake Public Schools,3479
Blue Valley Schools,3483
Red Hook Central Schools,3484
Community - Lifelong Learning - Integrity- Empowerment,3486
Atlanta Classical Academy,3490
Ascension Parish School Board,3492
Armada Area Schools,3493
Caledonia Community Schools,3494
Clark County Educational Service Center,3495
Cleveland County Schools,3496
Carman-Ainsworth Community Schools,3500
Arlington Public Schools,3501
Red Oak Academy,3504
Page County Public Schools,3505
Stow Munroe Falls City Schools,3507
Caddo Public Schools,3508
New Prairie United School Corporation,3509
City of Independence Iowa,3511
Alliance City Schools,3512
MSD of New Durham Township,3514
Vanguard-Sentinel Career & Technology Center,3515
MINERAL COUNTY SCHOOLS,3517
Elkhart Community Schools,3518
Home of the Cavaliers,3520
Lincoln Leadership Academy Charter School,3521
Central Intermediate Unit 10,3522
Darnall Charter School,3524
Venango Technology Center,3525
Fort Larned USD 495 KS,3526
Antelope Valley Community College District,3531
Butler County Mental Health and Addiction Recovery Services Board,3533
Allen County ESC,3535
Leadership Military Academy,3537
The Winnetka Public Schools District 36,3538
Versailles Exempted Village Schools,3544
City of South Portland,3545
Ottawa-Glandorf Local Schools,3546
Wood County Schools,3548
Vassar Public Schools,3551
"Dr. Jim Sebert, Superintendent",3555
MSD of Steuben County,3557
Palomar Community College District,3563
Iosco RESA,3567
Livingston Classical Academy,3568
Twin Valley Community Local Schools,3571
Hopkins Public Schools,3575
Fairlawn Local Schools,3578
MSD of Lawrence Township,3582
Fairless Local Schools,3585
Garrett County Public Schools,3587
Voorhees Township Public Schools,3590
Kenowa Hills Public Schools,3591
Joliet Public Schools District 86,3595
La Porte Community School Corporation,3597
Excelsior Charter Schools,3598
Greenville County Schools,3600
BIG FOOT UNION HIGH SCHOOL,3601
Upper Valley Career Center,3603
Salem City Schools,3604
York Academy Regional Charter School,3605
Tri-Valley CUSD #3,3606
Mt. San Jacinto Community College District,3611
Manchester Local Schools,3612
School City of Hammond,3613
New Lothrop Area Public Schools,3614
Goochland County Public Schools,3615
"County of Midland, Michigan",3617
Recreation Centers of Sun City West,3620
Muskegon Heights Public School Academy System,3623
Vista Charter Public Schools,3624
Sussex County Public Schools,3631
Mesick Consolidated Schools,3632
"City of Wickliffe, Ohio",3634
Eagle Ridge Academy,3636
Neola Board Documents and Policies,3637
Erie 1 BOCES,3639
West Michigan Academy of Arts and Academics,3644
Erie 2-Chautauqua-Cattaraugus BOCES,3647
Hutchinson Public Schools USD 308,3648
Surry County Schools,3649
Colton Redlands Yucaipa ROP,3650
Harbor Springs Charter School,3654
Almont Community Schools,3655
North Fork Local Schools,3656
Eudora Schools Board of Education,3660
Sumter District Schools,3662
Cedar Grove Public Schools,3664
North Adams-Jerome Public Schools,3670
Westerville City Schools,3671
Ada Exempted Village Schools,3675
Appalachia Intermediate Unit 8,3679
Merritt Academy,3680
Mecklenburg County Public Schools,3682
Ingham ISD exists to lead and serve for the achievement and success of all learners.,3685
Lancaster County Career & Technology Center,3686
Western Montgomery Career and Technology Center,3687
Princeton Public Schools,3691
Caniff Liberty Academy,3694
Bath Local Schools,3697
Sandy Valley Local Schools,3698
Chardon Local Schools,3699
Elgin Local Schools,3701
Adams County_Ohio Valley Local,3702
Oakland International Academy,3705
Michigan City Area Schools,3706
Cedar Cliff Local Schools,3709
Wabeno School Board Policies,3711
Gladstone Area Schools,3714
Alexander Local Schools,3715
South Euclid Lyndhurst Schools,3716
Summit Public Schools,3719
Menominee Area Public Schools,3721
Richard Allen Preparatory Charter School,3724
Mathews Local,3725
Glenview SD34,3726
Clarion County Career Center,3727
Harrisonburg City Public Schools,3729
Lee County Public Schools,3730
Ferndale Schools,3733
Foothill-De Anza Community College District,3734
Mid Valley School Distsrict,3736
Paola USD 368,3737
White Pigeon Community Schools,3741
City of Burlington Public Schools,3744
Niles Community Schools,3748
Ann Arbor Public Schools - Board of Education ~ www.a2schools.org,3751
Licking Regional Educational Service Center,3752
Cumberland County Board of Education Meeting Site,3760
Sciotoville Community Schools,3762
Davenport Community Schools,3764
Dearborn Public Schools,3767
University Preparatory Charter School for Young Men,3772
Firelands Local Schools,3773
Summerfield Schools,3774
Kalamazoo Covenant Academy,3778
Ocean City Board of Education,3779
Canton Local,3780
Culpeper County Public Schools,3781
Costa Mesa Sanitary District,3782
Colorado Board of Education,3783
Morgan County Schools,3784
South Piedmont Community College,3786
Lowell Area Schools,3787
Board of Education of Howard County,3791
"Together We Can Do This-Rebuild, Redirect, Redefine",3793
Folsom Lake College,3795
Stockbridge Community Schools,3798
Citrus College,3800
Mattawan Consolidated School,3802
Alachua County Public Schools,3803
Colby Public Schools USD 315,3806
Monroe Career & Technical Institute,3810
Charles City County Public Schools,3811
Csar Chvez Academy,3813
Grand Haven Area Public Schools,3814
Brown Local Schools,3817
Dutchess BOCES,3818
Pretty Prairie USD 311 KS,3820
Wayne-Finger Lakes BOCES,3828
Fair Lawn Public Schools,3830
Philadelphia Parking Authority,3833
Mechanicsburg Exempted Village Schools,3837
Highland Local,3839
Greenbrier County Schools,3840
Franklin Essex Hamilton BOCES,3841
Chaffey College,3846
Kansas City Public Schools,3849
Centreville Public Schools,3853
Plainfield Public Schools,3854
Carmel Clay Schools,3857
Spencerville Local School,3860
South Bend Community School Corporation,3861
Mason County Schools,3863
Ventura County Community College District,3866
Mio AuSable Schools,3870
Olympic College,3871
Green Local Schools,3875
Northeastern Educational Intermediate Unit 19,3877
Fauquier County Public Schools VA,3878
Pulaski Academy & Central School,3880
Wilmot Union High School Board of Education,3881
Mentor Public Schools,3882
Plymouth Community School Corporation,3883
Stamford Public Schools,3888
Miller City-New Cleveland Schools,3889
Doctors Charter School,3890
Coopersville Area Public Schools,3893
Tacoma Community College,3894
Northwest Tri-County Intermediate Unit 5,3895
Marysville Exempted Village Schools,3896
Jeffco Public Schools Board of Education,3897
Atlanta Community Schools,3899
Vinton County Local Schools,3900
City of Waukegan,3902
Los Angeles Community College District,3903
"St. Mary's County, Maryland",3904
Gavilan Joint Community College District,3905
